"Y","X.1","X.2","X.3","X.4","X.5","X.6","X.7","X.8","X.9","X.10"
1,-2.89809523391432,-2.38955107097795,-1.98520529736381,-0.332059669293899,-0.514560924449291,0.299008812951326,-0.985648248670436,-0.1668707915007,-0.117020603391453,1.59688824375048
1,-1.14848230097291,-0.689084252463396,0.209104562663669,1.22511521695696,-0.566491856288682,0.732005574443349,-0.261264028248596,0.286296471601519,0.949736885201853,0.0636584199133374
0,1.46535003622437,0.436014175069656,0.695220483162206,-0.0431162287545389,-0.45705544432074,-0.636671631102359,0.114004895583743,0.0918142089515294,0.787447695200399,0.94112483551276
1,-1.67643468749631,-1.43418505571144,0.944901417053377,1.64615588450091,1.63570420209551,1.23036836323827,-0.415961683697135,1.49288083711169,-0.366471943536329,-0.396981145340636
0,0.661247231012771,1.35902621618777,-0.19314866614175,0.0761553777247243,0.374132781703701,0.133610744632336,-0.406095065061171,0.601275931364651,0.470551504511946,-1.06020046693938
0,0.216793954823642,1.2733879129417,0.751357989116269,-0.562049582937868,0.470756351817365,-0.147965019754107,-0.441169333091204,0.681866867329221,-0.565466727933412,1.28392055595466
0,0.343086229270602,2.77175049920648,0.347912132786017,-2.39737704945438,-0.191622816711298,0.687530550436664,-0.125350721106266,-2.65004584503455,0.76191676775644,0.860924914655298
1,-0.677737287962692,-0.72915354566423,-1.2564354817832,0.323798686753765,-0.684910786116081,0.329095678914958,0.935732956850201,-1.30746924537615,0.340047750289938,-0.619348880225467
1,1.650157539766,1.8627513690785,-0.407598940833737,-0.635707416807251,0.325673074262143,0.454821483192868,0.953229964490745,0.221816904877975,0.335632254538867,-1.23073989986728
0,1.1196683216637,0.629474944038307,-1.74776949184394,0.55989504532744,-0.235644279958896,1.04760898462143,0.445133845814244,-0.561534735700751,-0.183800644218742,-1.81365076577705
1,-0.604331114190642,-0.739320849945438,0.332133703506583,2.09160763818361,0.861066025555949,-0.454424734638397,0.345422592120493,0.00379800051311589,0.118572287005686,0.149175094656146
0,-0.771972391280762,2.56070756222765,0.943244353413297,0.562218061472352,-1.40014186013997,-1.45536067401225,-1.72359919730205,-0.782104727218307,0.455160137179118,-0.301366363600471
1,-1.64002049930636,-1.45728514480576,-0.369292987658857,-1.57792674948187,-0.720404909025558,-1.19028007450902,-0.454387488561413,-1.15776663661955,0.283705164163604,0.984562842068194
0,0.450027540068585,1.62334538410946,1.14215611329851,-1.15762176150053,-0.157605025675005,-0.507635058061088,0.952893903279977,2.44525906224664,0.338076045715418,-0.571439067199051
1,0.429048378376635,-0.440347657175741,-1.28939259352732,2.3899518363068,0.408937841099143,-0.0903534642641179,0.687556312307741,-0.459580572091286,-0.198100850751411,-0.652078924289142
0,1.40086768963752,0.575816889611991,0.294179209089059,0.281644961979209,-0.284940424494448,1.14388918386496,0.46900410826905,-0.269776523606212,1.06559864467389,2.21580322915593
1,-1.69236505840306,-2.0015180358226,1.82627927590686,-0.113111774030816,-0.867729364093884,0.68491618008259,-0.293317317970306,-0.192706939633842,-0.449313075723322,-0.268386715218348
0,0.56992817057909,0.943630702244678,0.197731836409519,-0.395446889526841,-1.11893181598044,1.37217994978087,-0.158552764976337,0.320326000734923,0.257585856427742,1.87070236364856
1,-0.63228456193922,-2.09063323805103,1.04184667643526,-0.162882617814443,0.898663067613683,-1.47655098299399,-1.97882519972908,0.96550133830607,-1.88094556259862,-1.46679914547914
1,-0.639840837037788,-1.19119370630388,-0.124078969733911,-1.29580653227475,-0.0717595121371191,0.119693663472271,0.294596877926209,-0.10594413643264,-0.93003836070673,1.07012538300964
0,0.321746348587245,1.68947312672729,-0.516964714999247,0.521876377997487,-1.81945096921125,0.45609777526648,0.671556648881851,-0.114082028638196,0.438806572220905,-2.16660961344396
0,1.65073528491595,-0.058466206679002,0.220736301352431,-1.14475367236038,-0.0746876778133967,-1.83047144082521,-0.873935212050787,-1.0378472057455,1.86149066079656,0.346524811477272
0,1.49964055937529,0.0747694119333857,0.100672296614123,-1.3023027987471,-0.843438104440475,0.90203774867366,-0.745260075124438,0.381571263836441,-0.0449530456493715,0.853352056739577
1,-0.988258038182877,-1.05957398540338,-0.0261314191393978,1.18261833591971,-1.70578655053756,0.265064182423843,-0.176405111456192,2.34531156080877,-1.82518081108445,1.41430374219146
1,-1.65086428666442,-1.2256743352097,0.860536810080937,0.291685773560824,-0.999150996240779,0.346812406901964,-0.061447954518185,0.721219068010053,1.32790374465978,1.11557326609074
0,0.06395084757957,1.54382162719377,-0.859842623359507,-0.620583829974353,0.255350053985681,0.717367667836473,1.27469684830293,-1.01910428366991,-1.34949072936346,0.230002173722856
0,2.09289452575702,-0.605476255233375,0.345195484139274,1.70955516571809,-0.457453476485853,-0.0458646057753578,-0.126918742507837,-0.0217527732469558,0.4010766001426,0.963223484490906
0,1.19796224660175,1.62608072820135,1.14345172961753,0.577770823906416,-0.783577082725982,-1.97370706520502,-0.25630582199278,-0.40082769808565,-0.339354114251801,-1.15603300644737
0,2.33992688397823,-0.0277028293281134,-0.758888631813315,2.69288424912276,0.431067421693822,1.25319824591572,-0.0908278652727527,1.47645871065988,0.0960679136165441,0.506637850954345
1,-1.06730445670074,-1.22462515343915,-0.241809078133637,1.00233616637074,-0.207309624877433,-1.96884241218256,0.108789979909811,-0.258273316892186,-0.445108582667345,-1.26744824807882
1,-0.679508203129617,-1.51846901421018,0.356909778607685,-1.03047740559628,2.5466793321457,0.118212709718681,-0.795489794118014,-1.12926517789828,0.556559892705231,1.33271723609033
0,0.127528276803409,1.61655852595031,-1.12133954372997,0.70684919808773,1.17196201132763,-0.440395043631145,-1.07333804139844,1.03277452009334,-0.719295939905001,0.626301458468585
0,2.30484977907667,-0.120865835836502,2.02899544439736,-0.656453104771916,0.507958613771412,-1.31636579445353,-0.710755553506105,-2.16681712566637,3.33058499944513,1.07425931197738
0,2.10233300929552,1.18801957515887,1.73969366083698,-0.751403918507692,-0.640085337708922,1.75070022007147,-0.0907691714256123,-1.55560862919194,-0.372854435510665,1.0476219401897
1,-1.63506098220113,-1.5273383621081,1.26699029258421,-0.486312174994287,0.378835176105465,0.78252328837057,0.924739306949179,-1.67926866477188,-0.119188585540876,0.543900901350442
1,-1.29986268754679,-0.691123172386255,1.5417407022269,1.26912334865128,0.581642598985687,-1.00565015870534,0.654221399467328,0.109824352728596,-0.734737526302146,-0.0319048300723128
1,0.524631748783903,0.351541697523434,1.22891694802423,-0.133903775399098,0.234424007981446,0.474136975013849,1.30136559392358,-0.879002127680258,-0.822152112119432,-1.51322357860548
0,1.94227565958394,-0.590314182782436,1.23288247475584,0.840037507102905,-0.0145495623902737,-0.470914614668697,-1.74260074239047,1.32580856725878,1.71803412931695,2.48267704133242
0,0.811563447295402,0.629007417137328,-0.931103506123734,-0.0550505225013074,-0.170381047257563,-1.17433530494196,0.469540855009131,0.607867121940199,-1.00628384970581,-1.19914922125113
0,1.67949652805177,0.266754647646804,-1.05817604334232,-0.469938545885313,0.592835691528604,-0.0148889686424197,-0.891540757117666,1.01039161596697,1.14095999850611,-0.555907242817071
0,-0.141633060292992,1.15630535711348,1.36889550602641,0.146108341812022,-0.86318828030495,0.315685111601659,0.146792795663426,0.182305453325995,0.694411222039305,0.475997361645693
0,2.12565803257217,-0.439389488356591,-0.657244217122043,-0.411015599651144,0.133127764680656,0.29620081599226,-1.72814651458336,-1.13353458935084,0.127245036550813,0.193926272546492
0,0.835333308843927,1.03102327716044,0.606281002847258,-0.0475385929599135,0.398455300311777,0.457254172915096,-1.60065478543849,-1.01509193006976,0.862735035730561,0.45321696160044
0,1.48544115719933,0.358383606729159,-0.31683621336642,1.79381758318177,-0.531839351632113,0.32582079777984,-0.609795962843608,0.954672223247918,0.296885028427865,-1.22002321174827
1,-0.228318381190507,-1.9268864755543,0.410191654087668,1.3092343967782,-1.69847454979564,-0.125536598922671,1.57045359615687,-1.05667419261514,0.118574780832222,-0.17160159613231
1,-0.713312758369726,-1.3820328650646,0.462353490571799,1.11893721629205,-0.951953273678891,-0.765599676563904,-0.715323451387591,-0.0942517170315451,0.568332799611546,0.570934482531882
1,-1.39428809044236,0.717160845329669,-0.331446322028809,-0.844450689425583,-0.181480854983845,1.01691909703172,1.03715126063067,0.102890577329653,-0.00647758865428582,-0.245941326814904
1,0.266835957989209,-0.552985354471871,-0.435276284075189,-0.767542973403179,0.0714811083995364,0.444685407579357,1.62699807149858,0.815203911371096,-0.137038956829966,-0.785185951569181
0,0.469106070279378,2.63162067315947,1.18642361586218,0.138307982654338,0.454330108190716,2.32465767593706,-0.0665676364020489,0.788313435143979,-0.429912322646474,0.545881173531957
0,2.3495709015857,0.620539327234681,1.67729921876941,-0.733862580769127,0.319256967505804,-1.19043681981953,-0.472167649197909,0.533259551256736,1.01750391426451,-0.215758550505995
1,-0.0871077905938172,-0.178362769096866,0.0574960939009527,1.50584881992212,-0.347568065806922,-0.114016622596451,0.45042330398921,-0.153040599206172,0.703412416013297,-0.128034979416319
0,0.437595832276165,1.19494173481726,-2.97854400434346,-0.694147742295971,-0.460335120053998,1.07507162087436,0.654146786489993,2.03099491240794,1.45592301206226,-1.73673970450226
1,2.03153128676634,1.06688584001949,1.97637906673455,1.58327374171028,0.131350130467509,1.36479588730595,0.336119621999741,-1.06160602612126,0.953731526650116,0.776807839581386
0,1.87279327157334,-0.482150079973401,0.696878623312997,0.763297177777454,1.55391316664729,0.33930405842967,0.281283422562518,-0.93387407280418,0.360896023286956,1.556130662209
0,1.31955291353277,1.4498035582836,0.280074227073727,0.221938054421838,-0.213846762028684,1.26778117114192,1.333635071889,-0.719972567826845,0.584728877091598,-0.363024984071078
1,0.01821648915762,0.0442036551446137,-0.644023379947959,0.778025048852287,-0.836901296639812,0.549710132521352,0.788261209618102,0.575379839236138,-0.255852084354628,-1.65880520388367
0,0.0078821020224954,1.62947621432943,-0.604947425316406,-0.55331972074975,-0.452041424501374,0.248261614820494,1.0771930885576,1.52318670165352,-1.20740267312625,-0.334799876153928
0,1.49846071428251,-0.397010395506856,0.499048920650618,0.732017984475445,-0.359689847972208,-1.26575400597819,-1.72640704582879,1.32098988165658,-1.99763494036701,-1.53156788231229
1,-1.90918068615504,-0.946696908252029,-0.562347385580071,1.40117547842848,0.88131706532049,0.24015107577373,-0.237189237377818,-0.384249677873042,1.80872263661243,-1.48893105159576
1,-1.56428698943452,-1.72091996151432,0.593739825988587,-1.08958632329993,-1.49987540945822,0.158066391065577,-0.874529952778898,0.618040254634025,-0.274188449075169,0.993261622366089
1,-1.15847040881966,-1.93480460055596,-0.310496918463497,1.49709833261135,1.10896678242084,0.383216452505018,-0.00217410769457443,-0.00498944168527764,-0.217867028498463,-0.731841878545603
0,0.278238189770805,1.51898356139897,-0.491906130509178,-0.165745677617811,0.0518852039158937,0.497178071771316,1.16573700620416,-0.417153086780037,0.916864056141752,2.0920668484455
1,0.754182622502757,0.787993238104996,1.7073382038894,-0.140239084753476,0.706213422777802,0.984959869979182,-0.0761405977570934,0.262057715350802,-1.21746971802589,-1.25042657496167
1,-1.45279376863582,-1.09910165316382,-0.806574628599801,-0.991384698940371,-0.845615186358725,-0.564915590064609,-0.702664332208398,0.00884124985198532,-1.88298597391331,-0.683352250170726
1,-0.397231608313355,-0.53411841107855,-2.36622067174187,0.331162417850191,-1.24311011200712,0.619499243862097,0.463203925087609,0.431725146836145,-1.825200906406,-0.307318603628268
0,0.436238627613534,1.17766220587947,1.44033976354554,1.25759574714827,0.144009406187684,-0.531307735347868,-0.928690291216705,0.192075450811297,2.63553339652093,0.211588599374471
1,-1.61590559146668,-0.908336293780365,-0.522232245348195,-1.23841123120066,1.31439188441996,-0.502599618425573,0.989451686972913,-0.565846194247671,-1.16796591131748,-0.49056328358188
0,1.21259629146683,-0.20498814971544,0.361593114062294,1.20519499959575,1.84694871774859,-1.74738772053401,2.02149143744468,0.0566487522026037,-1.42754210707144,-1.32176397829313
0,0.507152549221263,1.17509197160667,0.138022894446564,0.741165579905493,0.823446603203803,0.661083447241108,-0.378359134357779,0.372813597904309,-0.0129312793309902,0.867083034987369
1,0.755926206292073,-0.00317227328066294,0.910469255492467,-0.886105611388477,-1.08883287024747,0.960290156087753,-0.649288693779292,-0.763704424112163,1.06832199393088,-1.53636292053384
1,-1.16656809858996,-0.725804415433349,0.313430348257535,-1.08704137231611,0.114115708791388,-1.84668408527286,0.841644838947588,-0.647003957224966,0.175817535548203,-0.783715169109077
1,-1.54153115164541,-1.36639794700968,-0.333994780689395,0.57648555609627,1.2735554991388,0.0592566556918266,-0.523765149950598,0.0482351030827671,0.778554500084642,-0.325770907661354
1,-1.89574840900884,-1.94889663167121,-0.332246110647339,-0.421293023218951,0.98238861191443,2.66358780500362,-0.000198475135093903,-0.315358815557193,0.345398608629616,0.574343000743636
1,-1.08268953705945,-1.03433792696501,-2.1623103522869,-0.447518979191594,1.55321631535266,-0.365286681715682,-0.872356756878401,0.0315005598660778,-1.23190568742139,-2.49324707154473
0,1.04673787195735,1.11328015802936,0.80636329653617,0.624257037745032,-0.7664851001577,-0.326549398092085,-0.25182327778131,0.277388200129363,-0.936747952259017,1.09445742800147
1,-1.8863445218911,-1.71638080401517,2.05963320883867,-0.822384083057187,1.90249272905159,1.04422245658987,-0.437986823309444,1.32661155140148,0.545428503952579,-0.092055716367563
0,2.90991339071158,0.507781116138489,-1.22914042150032,2.13149972974733,0.836974250432236,1.09004908820576,-0.153849702180605,-0.514832530169738,1.43886518651922,0.059075275499662
1,-0.228565106982047,-0.0519876071465386,-0.0399416544460759,-0.15564359843258,0.500903457701237,0.457320777118,-0.115330252659969,-0.0304425734247662,-0.417132264473314,-0.621248607114198
1,-0.796222148536514,-0.930548135714297,0.0874729282635691,0.307750536524982,1.21592218233776,0.162596421137131,-1.40883947279049,0.220293491769852,-0.344792361939629,-0.577301948750985
0,1.49220374027836,0.616553456695329,2.35731846683486,-0.699480510364474,-0.227141607142595,0.437946868983358,-0.360321836539484,0.725452410413563,0.346039913624941,2.49965615383527
0,2.10061988933411,-0.520742944844571,0.921874425419179,-0.500923398053824,-0.471275689197211,-1.17255449989668,-0.598259248421472,-1.48640233402341,0.448836746650383,0.0422612005416274
0,1.88642794909372,0.341736424049222,0.00950557521498297,-0.919826045481532,-0.0726412897202442,1.49739405440362,0.238861611391116,-1.27694463076303,-0.576491757710426,-1.07794291043169
1,-0.563133424733591,-1.07121730700116,-1.87302487712988,1.16869127137959,1.54835619100506,0.590248522323858,-0.298757863165403,-0.396401992535159,-0.290668144574766,-1.30377164062694
1,-1.69522127573904,-2.71057379321331,0.825250745246739,-0.283685709058092,-0.811525459679546,2.1170406618183,0.0442020129364232,0.241709112807007,0.971638937543545,0.211657095665952
0,2.00933325785039,0.333755263851263,0.377530025992389,-1.62801077352756,-0.747576217685203,0.130692157622464,1.66108539184346,1.53423748896166,-1.04030343598117,0.00196290731841461
0,0.837844888392928,0.845597420866545,0.693361432823933,0.367607953844351,-0.508520216450021,-1.59811974378743,1.84520500739753,0.177877281614629,1.11010964694912,0.692532820404488
0,1.32301216044776,2.04406689024926,1.00441136428475,1.41443222840932,0.0359244240875517,0.0792361301990659,-0.524204831582902,0.0372325910783831,-0.625699910504679,-0.721784691404919
0,-0.189173746633321,2.11397370948048,0.334386523401631,0.350801627341801,0.69716219638519,-0.495938823515462,-0.780472960279555,-0.0253468654156336,-0.0755758536114959,0.270126734198969
0,-0.156183562390517,2.65252655208514,0.00856509291093227,-0.969899941896622,2.20352846258413,0.127946580186515,0.274734104548089,1.2526915317511,0.677656204983208,-1.35211697425882
0,1.33815808517063,0.155229650661647,0.8556788627483,0.876000851846027,0.336928312392419,-0.196122723288569,0.897373705205049,-0.540657329567007,-0.203966705428681,-0.288717418855426
1,-0.405323290024776,-0.290321015519647,1.37525951066568,1.00714140111907,-2.45990316165611,-0.0407054158037979,2.06148046569074,-0.901264567633287,-1.47952894887598,1.3105813463572
1,-0.686218456706723,-0.0638797563784512,0.0263606031857818,-0.866616633652245,-0.13233227456277,-1.46173158441023,-0.290128384322202,1.04387615531038,-0.658461293096627,-0.760121693844883
1,-1.55145161956321,-1.09676422834955,0.74997818107396,1.23536953270766,0.179780786008462,-0.615996554789966,-0.0506167187498482,-0.21976248049136,-0.173823603615291,0.30778427044605
0,1.27506607534042,1.4988098081812,0.94265602233089,0.249868699193282,-0.721357482590995,-0.951413362471405,-0.665742429598776,1.11694791946871,-1.06474652209276,0.212870257301937
1,-0.400326758274269,-0.705941117613177,-1.35269533891595,0.403925540778697,0.641267052128047,0.728087034044841,-0.434895235005114,0.038690492815543,0.437384939932077,0.650068541852529
1,-0.923301061146102,-1.67369816716239,1.27663741275086,-1.34064387881803,0.230912726456574,1.1856313534423,-0.984413066772079,-1.3552588764761,1.38665993518599,-0.742569928243885
0,0.355807874666205,1.31709172701176,-1.44728649748708,0.930401081905319,-1.06697713240512,1.16434778983777,-0.120966749908818,-0.56511092617246,-0.424157077177942,-0.469806287357721
1,0.157429659420227,0.148584070028157,0.298727945766013,-0.587760965336894,0.424106890814037,-1.22825856654084,-1.73037940557273,0.080751522460364,1.62546621325759,-1.6784927671798
0,0.361795453618039,1.60602072402768,-1.47986817777991,-1.02861150968029,-0.649856721616048,-0.128478778727586,-0.877141725655794,1.68232280307168,0.617255113405149,-0.606382667338401
0,2.43702070991072,-0.622466058203615,-1.90537781500652,-2.46117845143927,0.286811201041834,-0.548545699795532,0.00204915056058413,-0.685731538589049,-0.128089904692468,0.795715184956298
0,1.95442915301444,0.506778434147365,0.0698322085497887,-1.03799790121961,-1.25317128446654,0.342178667824183,0.353636705890539,0.201080589614011,-0.816181542304018,-0.9469178793546
1,-0.905906069492546,-0.589122137656555,-0.656084245108649,-0.798312669983457,-0.253950090858085,0.571159669946689,-1.10366565743842,0.343144776762392,-0.00551014381366084,0.752064294874495
0,1.76018212432359,1.26157188223174,-0.0890016748299084,-0.459046414571913,1.7115906067504,-1.30884125745298,1.02816015610423,1.02782388360207,0.325417835540127,-0.413546207130279
1,-0.270962720067518,-1.24028971190644,0.662685587489396,2.1838217673483,1.61310415560195,-1.28384148977317,1.36802471464545,-0.464790937150884,0.355771785971102,-0.207684793638794
1,-1.111471424402,-0.975429221640475,-0.0448020772139419,0.470405509732475,0.731015841119582,-0.788492740881241,-0.253230724325612,-0.451012495444746,1.82465894814229,-1.58840463560936
1,-2.10359934063451,-2.37906744587148,0.567703285223566,-0.818624348478708,-0.710125082129383,0.425422066090717,-1.57701610950513,0.146405492458328,-0.287880509450705,-0.749003481045381
0,2.10237615969033,0.167609285934168,-1.23904547904543,0.919815411239128,0.150936524702796,-0.769324687563751,1.6264491335755,2.36192437443264,0.69891191907193,0.392133592055517
0,3.03693710094017,0.498350944809648,-1.02450999128671,0.445783440040243,-0.772296031100817,-0.478948170222289,-0.0343590231663565,-1.97804933285208,-0.546930630578257,-0.00680890220526322
1,-1.43529821458398,-0.967345647305719,-0.798391311005358,0.37535998965125,0.288506444611504,0.302554910282198,0.958632913828923,-1.28809437388142,0.0485286653409094,0.104696523086949
0,1.46986479869591,-0.431648542053421,1.41390076834691,0.0377326683254827,0.439280577503744,1.42647673256616,0.361658284774414,-0.244131824014812,-0.859279601891416,-1.70497288059635
1,0.0602403312418205,-0.0388971958677594,-1.29449763645433,1.55702616267397,0.112870787348612,-0.0560058876088767,-0.280556032972732,0.264524001313442,0.813618492476515,-0.499482504387581
1,-1.27202595964858,-2.17258784559355,0.432375611810973,-1.93426216622645,-2.6862862203428,-0.0605509068779046,1.93476920767135,1.06507411051728,1.87751377371239,-1.35895804291748
0,1.69591635995441,0.534442708082816,-0.738461735271462,-0.348845745965894,0.34214261032647,0.655080616885059,-0.205144452171096,-1.3052573805649,-0.392171726620127,-0.467908729443711
0,0.667030792306975,0.396531268290911,-0.0639658372731242,-0.325832926209874,-1.28747620306597,-0.231560754617726,0.510788428160176,-0.0299040133691743,-0.184695413593675,0.933868709569782
0,0.051170122633499,0.908566150163928,0.172430276220519,-1.32839511113812,-1.13778938575743,0.345703163444325,0.453133076045615,0.245633669422263,-0.551777870097639,-0.101873208791197
0,-0.791566625974883,3.48496001995455,0.684602384651105,2.20002147801647,2.90950916042621,0.660631387968933,-0.0253737077087346,1.30820651792174,-1.15797497524033,1.55748343178916
1,-1.7548278667099,-2.36861122019028,0.0896034999845972,-0.0983108997021964,1.64792685460081,0.103378785092205,0.294172841338131,1.24418606023179,-0.763793083396742,1.28584891834525
0,1.52798025409362,0.948940274034714,1.15137207014485,0.914349459385486,0.0181335488587797,1.19951230758457,-0.440211913323811,0.161531743703109,0.535227282602097,1.37526828757151
0,2.59840588542375,-0.834351513026346,-2.52453494588188,0.568572736500746,0.753309636067283,1.25357795664745,-1.72467905294672,1.82920983625287,-0.739015778936195,0.534177845891724
1,-0.779806808376347,-1.16504114442472,1.09259206191683,0.386946384545355,-0.304857184751588,-0.228028280570668,0.516727520198885,-0.655816293386043,0.488351080329784,-0.619989846966944
1,-1.39692323242146,-0.91195339793159,1.45928213968045,1.29586829495596,0.462161139594811,-0.213393653418023,0.269995858556374,1.02402482895248,-1.44173295161301,0.426131720241241
1,-2.86834690727352,-3.20931169288028,-1.39124843800747,0.348020502119548,0.486829747879475,0.662650837765089,1.53375814047501,-0.892936446903841,-1.24682249897866,-0.924751059605177
0,-1.25534674941304,2.36590593672918,0.0417329055406013,0.0787000612458047,0.330044188884254,-1.5939985217321,-1.67600657729442,-2.10629281901201,-0.72712066981196,-0.368797223303774
0,-0.40415610074068,1.87189348302596,0.739593242642272,-0.831367450689666,0.380610430313258,-0.0860457477298147,0.261998016262877,1.63185452451737,0.720278057718164,-0.541381747593523
0,0.39002466656216,2.82746148765812,-1.24846524377445,0.339968228336832,-0.923381458365138,-0.885564102880688,0.453827076499485,-1.22196274171786,-0.291272040152446,0.341199173780126
1,-0.918804329586206,0.108087104667122,-0.428549183466008,1.53746535485854,-0.687674101357483,0.964192731073671,0.28758377188895,0.0096901688332143,-0.711299850589535,-0.460701953807004
1,-0.353943798770923,-0.210815271707678,-0.606839817675066,1.3269575674155,-0.628323893767532,2.39834167247327,-1.00819440802107,-0.160987931191252,1.24719569611162,-1.0092287709812
0,0.73160089477127,1.91639384089427,-1.06447441783239,0.510851504311553,0.654700748902276,-0.165371801417419,1.65578942921709,0.673866425789854,0.731076745065522,-1.08513100581885
1,-0.981201298902177,0.153559387285057,-0.290885838014411,0.857692607972956,-0.426376661970352,-0.995230725065126,-2.08501311285683,-1.15782899499559,-0.861270344655151,-1.10744065707383
1,-1.91385614044274,-1.93657831802285,-0.622065722284058,1.38498633843397,-0.582693311341944,0.858154759083652,-0.156909876548621,-1.15255210667724,0.0728363925778119,0.57517592899903
1,-0.255284605660347,-0.0177002577863798,-1.75787052503363,-1.00456650796643,1.55815736336427,-0.283016085442987,0.154878628264547,-1.12407281870118,2.44089316961621,1.38525175082695
0,1.42106804341356,1.321010865552,-0.291388734753502,0.847958684341552,-0.0193691542598697,0.820975155773298,-0.702347581171005,-1.45560402244,2.22808153625508,1.5823160148774
0,1.2768115972791,-0.153137107787216,0.469223860518619,-0.0593813522442569,0.608510675238272,-1.5188601866462,-1.45194923006739,-0.139619659412875,0.524337970396698,0.538866867694519
0,1.10282125003881,1.78161619124679,-0.771931902548978,0.112219107279423,0.181329134706387,1.38243583506178,-0.378675970050021,-1.01399645140784,-0.0897419586074512,1.23602036612457
0,-1.44887073997921,2.03807678303439,1.58549724313755,-0.71702117416281,-0.537865066093256,-0.103118129655292,0.958008314804069,0.279476284441403,1.94465361145007,-0.588063687899177
0,1.603201322465,-0.366595490329611,-0.527554291097413,0.268859573674303,-0.273774444044906,-0.0141590699452061,0.10208969429456,-0.686126695141975,0.142221565139841,-0.751541268801572
1,-1.4148256710471,-0.188241018190572,-1.56015032015084,-0.508504619093787,-0.00861645885063217,0.95719176859793,0.214071386271534,0.124209231387539,0.594378766787624,-0.424172442371329
1,-0.0237181800726867,-1.62471256793633,0.34632936930831,-0.794344747026787,-0.171558720044122,1.23900718077788,-0.611219404336767,1.27143670693123,-0.229854953030913,1.56666676237711
1,-3.56110885712968,-2.56430150556716,-0.432562976601051,0.123266690471799,-0.906753604093764,-0.45913713060209,0.920293213166541,-1.55270727099177,1.42175512940149,0.203907576424303
1,-1.47079314782634,-0.845310154447826,-0.569847971848278,0.0803474430029376,-1.21278830751644,0.601985874617365,-0.726757436375342,0.13901028409397,1.06157359499837,-0.869615860993478
1,-1.71650512001148,-1.11159730997336,-0.0247842505307832,1.08253278626449,0.398233253913678,-1.38110478219011,0.51782043804463,0.398171417985366,-0.358709438250004,0.499438632924441
0,1.80621312653268,0.388886415646539,-1.64400776726116,-1.8254644293824,0.924812100358565,0.632975922545199,0.255297226118625,0.505545304402722,1.43359171805301,-1.19607030942826
1,-0.839964042931582,-0.948065274833114,0.113027619912784,-0.0713995912396788,-0.164210931111285,-0.0995527841719122,0.110775061406007,0.824067171053718,-0.528943423721391,-0.764732449114247
1,-2.09652918725823,-1.73158090426286,1.56796964084256,0.178595629002979,-0.157197188250606,0.0536903298400863,0.85703099630909,-0.733485474462717,0.135792179605586,0.354811826318505
0,0.146189342440712,1.20382554224723,-1.19059861649041,-0.930755706770194,0.00656507650750564,-1.82999614572789,-0.0177467080014588,0.0201610586366617,-2.2064748372302,1.00655608441018
1,-2.04338177367873,-1.24311930827219,-1.17191523910027,-0.747143284295642,0.952684217098205,-0.669398640302014,0.228028680925407,1.02028204840325,-0.501860380786821,-1.40105678601052
1,-0.324872325505786,-0.991336426331687,-1.79655728639417,-0.232765007998716,-0.737186211373274,2.13619851804298,-0.615942909313435,0.367966972987212,0.0487620815554179,0.748379345545306
0,1.87457962828908,2.29565779276222,0.11776831430988,1.25616781055996,1.34551165486911,-1.43452927842027,0.462601761424679,1.07739851826343,0.397601842648749,1.36999259193751
0,0.328715376706233,2.24258333723568,-1.44560583291575,0.985664467650909,-0.555195218803248,0.794793543289386,-0.311563926146836,1.28332506858979,1.73846527848542,-2.47485376197325
1,-0.668616674194568,-0.831462565937225,1.18633821524139,-0.256622627144152,-0.107160722499077,1.11002439426278,-0.78384661107438,-0.248168944708585,2.16942375615576,-1.77663038920736
0,0.51381328009074,1.08163357923435,1.20366778756187,0.740237954841749,-0.0873571914517465,-1.48837002901631,-0.0327903672443265,1.32030048144525,-0.219558773931691,-0.44464975863271
0,0.315032580914364,2.23096974451805,-1.96173122720365,-1.53620529942367,1.07361725425455,1.56014644755619,0.510617655383815,-0.410171282213301,1.03655424671513,0.487022958413382
0,0.242643216575566,1.61793635088117,-0.590599070546727,2.24223143370649,0.472254359747473,-0.890219012419035,0.51102210496236,0.698926572099258,-1.53296959441833,-1.19535354445545
1,-0.591495286163617,-0.0219390685962527,-1.09109425961063,0.526785265885671,-1.48506674965087,-0.30830493154051,0.00508856403754052,-0.336427444529613,0.486046198797144,-1.15938285227891
0,0.517739555667747,1.97584387495643,0.410911288404169,0.122380087942151,0.412184548983951,1.07742771980764,-0.176893807406752,-1.1858881764493,0.701469646050861,0.61541212053765
0,0.0312298117160196,1.76702636782553,-0.222484554050804,-0.959886735855205,1.09025257734079,-0.997451958416482,0.169471299932631,-2.055807061704,-0.481365257584428,-0.857137546258483
1,-1.0585543410846,-1.56743929563903,-0.579075257072431,0.907903858166693,-0.0146139576684419,0.441503893397335,-0.654142165981757,0.164378221436594,-0.050686482658031,-1.79272775066745
0,3.32847954979711,-0.723785859663974,-0.874892316634231,0.109101493181366,-0.276267192650252,-1.9583449489838,-0.796659949088108,-1.27854946416976,0.548716483484171,1.0382472214358
1,0.426968059538974,-0.587651369254804,1.16491727639343,-0.729036765480627,0.667761311057022,-0.0662685311500735,0.980724754012804,1.5133235981212,0.952408552618471,-0.482763990762121
1,-0.713772527357474,-1.56006387948763,0.444587588323731,-0.227311640661342,-0.0783691284249063,0.0655301942056315,-0.110223485241791,0.411779243079981,0.77779132044318,-0.689215575884665
1,-1.04054841502961,-0.693575639347768,0.898446786216067,-0.211282481005717,-1.61607434104671,1.25779969235114,0.988930117320439,-1.74518919901296,-0.942027837672034,0.0573573285086533
0,0.755914514248559,0.828939928398109,-1.1003172519489,-1.32360599755344,-0.271723747427375,-0.623825627076611,-1.16341334758055,1.72933744000921,0.352011485351502,1.00603946532471
0,2.26678558839907,-0.290004493747579,0.597047558988961,-0.0166430834740077,-0.250432973297586,-1.53014540049252,1.3222829932266,0.87411384559671,-0.537791437512863,-0.91752810390587
1,0.357536752948585,0.465914365950161,-0.323100211148631,-1.28354682582342,0.338361468320092,-0.574644110850066,-0.263804921442268,-2.05139705967615,-0.487408627981368,0.233711754166981
0,2.06640223428757,-0.86920585035138,1.69006658299481,0.169241310611179,0.638054739974739,1.36276521800504,0.574249115548189,0.102478713143925,0.161605450858558,-1.90729416893057
1,-1.23553297404138,-0.863734921472427,-0.256913409048365,1.49584858112078,-0.239581906155281,0.927483947440828,-0.662703348995109,-0.256379749621364,1.33150335823808,1.24784427004022
0,1.32888187164216,-0.430751620863266,-0.591170220952765,0.953125794844186,1.08341349247974,0.703483761092186,0.222554906989031,-1.54366226852573,1.10950904710245,-0.0445165447088737
0,-0.110580570748538,2.42355867131842,-0.433042714908506,0.291030256073586,1.19277600628623,-0.27844561317168,-0.967776418794894,0.727160552999026,0.463774968999114,0.545106281328292
1,-0.572105139630138,-0.916219325657815,-0.651113489057964,-1.25663486268409,-1.18236947813095,0.029717994837088,-1.50262535212835,0.899863619361287,-0.351599143580063,-1.43483083301566
1,-2.46355138717648,-2.15743090485734,0.581511531361998,-0.866217295580151,0.445217603677904,0.522313559461281,0.622444973811467,-2.04953148859614,0.855772617627483,-0.929031282908895
1,-0.60376636607149,-0.706999797723294,-0.326930871476909,-0.761492033209059,-1.88847557535879,0.221620623543959,0.313562092277731,-0.437105642374292,1.32374444312423,1.80287012179541
1,1.02126460331511,1.65535500863687,-0.522201338132558,0.894897805199744,1.49147685414138,-1.05840104535754,0.265104717297164,-0.0053354846994406,-1.06112386786725,1.9165935709619
0,1.26991572827424,0.272989735813804,-0.497663996360541,0.530015842772918,-0.711861835044197,-0.585620614856441,-1.61424278118396,0.245193294145767,-1.53200198708523,-0.0822561896290159
1,-1.90247493945892,-1.38475508098109,-0.875131234751668,-0.617495237970528,-0.982538585030603,0.539770439528042,0.569216162243454,0.194885569504571,0.703209688729577,-0.92026558140302
1,-1.16005127133677,-0.664863386141574,-0.367617690626897,1.59382135488806,-0.610369208299823,-0.680307693095662,0.414258701179269,0.757916460128133,1.47653358143696,0.83134109891738
1,-0.356910078936425,-1.0605429781634,-1.68940218662583,-0.772981815180994,-1.3542395842984,-0.150834641352385,3.09544211086236,1.54734109010665,-1.05393486126757,1.37031747737663
1,-0.214915965141382,-0.732670203001487,-0.535433939360047,-0.0407166159787858,-1.41918384325539,0.683925771632292,0.621104765042856,-0.271465311577531,0.708937056521803,-1.08739663736478
1,-1.41436646415617,-1.47588286598895,0.156999814705789,0.359093122201244,0.936316146764964,0.374232738223394,-0.799173659907717,0.111701491010386,-0.173769568760611,1.16390764874593
0,0.740806560094499,1.16954180882128,0.827006697399601,-0.35878997066202,1.54618975413591,-2.00216269644236,1.61990066117468,-1.15109617945177,0.621093444614376,0.120114379793963
1,-0.350529974971865,-0.421717342436895,1.09116004156954,0.749143082605248,-0.647794522894829,-0.0265872697337498,0.483943385689706,0.49234112231806,0.0736419239097198,-1.01627899482706
1,-0.397085034405335,-0.937045804697013,-0.752757081700773,0.638416681298169,-0.308886019824151,0.561763492542188,0.935484596967842,-1.31279579013777,-0.547164405822856,-0.626459925050282
1,-2.43360013130047,-1.68482842446881,-0.190801661824948,0.572879514198346,0.487950026443938,-0.494215136625386,-0.842411347480237,0.18061323651713,-0.228967379788488,-1.33821939877644
0,1.49162706380721,-0.544225872027007,0.237981083767372,0.423599789751487,-1.48780237649037,-0.39723198954959,1.18192718623158,1.30701646180032,-0.650639457894272,-1.52081335788419
0,1.31478392596037,1.53563296639846,0.214464095162889,0.28480332638841,0.697064159201887,-1.40697132952311,-0.201447262528007,-0.633268242222766,0.515216589102264,-1.13053680022588
0,0.808907200664326,1.4796351975045,1.1290679574493,-0.62879536151326,-0.560361749596933,-0.460339097298518,-0.270224339786271,0.530901949613375,-0.122259963901076,-0.0105390071954995
1,-2.20745038620026,-1.01682674104601,-1.38516934741558,-0.416500672125759,-1.31065363515776,0.620326156082682,-1.12982857374225,0.147515922933396,-0.989205877932816,-0.190119549244437
0,1.96102160351033,0.0982592957401006,-0.129605967223473,-1.71604702496716,-0.46870402149814,-0.139826781288614,-1.85120590791259,1.34341450461641,-1.83476096798247,0.362128477619501
0,0.924689867018034,0.999344597624018,0.264528591956231,-1.62229968403531,1.96525754766553,1.46719868229229,0.610033868507636,-0.0048724896604177,-0.486149939067995,1.04452525927724
1,-0.785361377926263,-0.819303120705662,-1.8083222020924,-0.610648829845042,-0.999475083510364,-0.442034876465545,0.506399851710117,0.12185488325909,0.601389996456735,0.602659100101678
1,-0.689378234005905,-0.12209949444087,0.814782078244699,-0.513446043371165,1.17285538956588,0.93312086025458,-1.01987656221328,0.53184551380865,0.15980146634211,-0.248226621787211
0,1.09723824471719,0.627412537862552,1.17176750783405,-0.485121787956605,0.541662508855142,-1.44190810038096,3.09031352257961,-0.551670852465969,0.158513910062322,-0.645496405548499
1,-0.306415395513134,0.10890230403335,-0.845583475808897,-1.01639128881211,0.0385453320267831,-0.0202535714621205,-2.18573122348647,0.739080245963183,-0.853990604924124,-0.742343872358191
1,-1.33766671272014,-1.8543293638459,-1.05262820092065,-0.773471362551486,1.23896871529087,-1.04804140472384,-0.978287107887355,-0.535835649702402,0.411033306009504,1.0344137124678
1,0.7605880576172,-0.584081258525016,-1.15875657608571,-0.707231765490763,0.424331218582316,1.12863979021272,0.744095347570859,0.530750113421011,0.0229031845453566,-0.89801125295981
1,-0.570948536288896,-0.494163715565662,-1.78014935879691,1.32029383095106,-0.93790246021644,-0.35101410044841,-0.288594939560957,0.836290573221321,0.311627739798546,-0.305417310283645
1,-0.242488262166794,0.911037528788521,0.258474381341599,-0.280716033426508,-0.314295127111954,-1.31721381000043,1.8479700141419,1.29588692138339,-0.735889211968009,-0.62558738239815
0,1.09144228691101,0.831512365098449,-0.942524572101712,0.0327173786022498,0.945596698383371,-1.5503513656533,1.18211364448388,-1.23210535949779,0.328050343183217,0.0601516539451495
1,-1.39886361194483,-0.579681335131021,0.209037776907674,-0.779298705374437,0.48928036778197,0.482051619223515,-1.59877929848844,1.14726850195347,1.56503527423856,1.29741936454102
1,-1.16763332509029,-2.0040970565375,-0.780486682335189,-0.632694156167497,0.867926893465305,0.0855541983851498,1.14987510804968,-0.450086541590375,-0.662302786127527,1.42383480923707
0,-0.276016246026013,1.55626474075655,-0.677408991534895,-1.01472975190995,-1.45512246804709,-0.948585565673693,-0.551726935878759,0.765226158648165,-1.45621071805586,2.25123807911146
0,0.869123072286209,0.269298031871973,-0.208882455010878,0.78643601754236,-1.11796629904745,-0.18337127155739,0.468521614879776,0.201665650883188,1.11362445463113,1.09703392465803
1,-1.04581175916127,-1.28271520159887,-0.25082534549129,-0.0698640269639788,-0.160445579808615,0.0925281753574499,1.19755010453253,-0.690146722893496,-0.708397964942672,0.305429228759156
1,-1.86578649558751,-0.683841307152096,-1.12350149931258,-0.534181837290293,-0.924378684060016,-0.619607243219272,0.382981245942498,0.615846646251666,-0.822881574788477,1.99661748178876
1,-1.90413534727696,-1.94686476886794,0.979130189587394,-1.02435925743257,1.61391130280902,0.389030292540362,-0.882166274892786,-0.821788562782971,-0.883857188829566,-1.76589021447218
1,-1.45589562350195,-1.01476631478781,1.87824013766192,-1.71378648059199,-1.19003996771486,1.26471132526969,-0.773620120118065,-0.364251934145935,0.758683633307402,0.305987857787319
0,-0.230419594397891,2.62918585331048,0.627519815541087,1.36646991735509,0.78152064285355,0.150960373130046,1.175594457307,-0.185499561199815,-0.853594868896981,-0.524780502631647
0,1.7280194577016,1.27923425006028,0.42102777347578,1.10190036167636,-1.56565052391089,0.347577745603058,1.08725507426415,2.17640665356615,-0.110605642711332,1.00042183787648
1,-2.08325016040503,-1.39012285085341,-0.271377197695829,1.58983051057155,-0.6660867279602,2.42564917430899,1.82037170195489,0.930519045214425,1.7187915570596,0.53373611275804
1,0.475226074437863,-1.04762904295606,0.65682078765323,-0.937723084349903,-1.99105234222674,-1.3070100021039,-0.639917394733335,-2.12973910567076,0.685549783344551,2.2074813143884
0,1.84799313667663,0.301657014875931,-0.639623721259629,-0.406103306983641,1.95933199557454,1.04008618194519,0.238640030874522,0.248909510968605,-0.54795712977378,0.962929642658448
0,0.784567586307501,2.32483487711562,-0.590452741506628,0.554637302036002,0.12036536649774,1.47047307726985,-0.577424165932619,0.661347711364686,-2.27772387164454,-0.912396946750923
1,-0.769041158115252,-1.63181494424102,-1.69478750959301,-0.51447231021607,-0.357955502291092,-0.352345858619233,-1.22183756789466,0.877297645028176,-0.493042496835353,-0.845683539748658
0,1.75949225150746,0.00891258149072227,-0.774918685091994,0.830999693581986,0.430841310456162,1.54881755347135,0.882919045176515,0.41902327557753,1.14357524219861,-0.310288002415664
1,-1.51927524611991,-2.06005032639207,0.543207695793634,0.531171627645441,0.833505310358662,-2.43535608455302,0.156459197559883,-0.193038736530193,-0.539497088381946,0.235208779509238
0,-0.00776657454444729,1.85427170338082,-0.934749049524898,-0.763580794482481,-1.18064434556317,-0.898357907678921,-1.36919523479969,-0.941178873692055,-0.661207110677132,0.502558934688587
1,-0.849131771486182,-1.30396865422055,0.81473279577304,-0.980286550150057,0.266706388227063,-0.0130688239284004,-0.979520905778734,-2.46947772250578,1.35630945427984,0.10869432861473
1,-0.713867625132763,-1.67406905342927,0.546213626797787,-0.047305299756281,-0.687315664016228,2.05474972675294,0.660785935114777,-1.0763054325024,-0.519874084532538,-0.611769713307314
1,-2.65843345206564,-1.877131170974,1.89665972769745,0.334724533087895,-0.599938803169366,0.684993179391852,-0.346559309228247,0.0905956249957995,-0.581253602046086,-0.394077099488036
0,2.07326114248551,0.536038274494486,-0.00479787598417949,-0.633629149587874,-0.211772194693872,-0.960074553978256,1.59149582216295,-0.797514993920239,0.0461496904435091,-0.289142372427595
0,0.097947389216819,1.7544123382848,1.77284388071795,-2.23236832956463,1.08411948561219,-0.961464463422431,-0.103840838300451,-0.6816911430403,-1.4550262400531,-1.7931118335068
1,-3.12709626427085,-3.23308139242504,-0.615968319858409,-0.558516101053968,-0.520516405474615,-1.14469695986121,-2.75539443353856,-0.397826447296348,0.226335992345541,-1.0703566890679
1,-0.37986189338223,-0.732939559968344,-0.312704541017745,-0.2152569952991,0.111057309026227,0.48271838321223,-0.147476046615075,-0.92917261583568,1.23867434576842,0.901298169307731
1,-1.03112521150194,-1.80847906143189,0.122162809883963,0.521139899018232,-1.29035961821864,-0.482563780323525,-2.19104822107696,-1.86063766923852,-1.13658952904347,-0.957149019237408
0,-0.485516908524526,2.93020323686335,0.600563607425254,0.146680068379511,-1.62653795761762,1.36971184766646,1.45437212074733,-0.360302987091546,-0.600420001596877,0.820488788272215
0,0.679099333256486,1.46240801773855,0.935791523442844,-1.04859868116197,0.507329687589919,0.185027816292804,0.685396227504035,-0.317511322376773,-1.20641007989709,-1.1270862239753
1,-0.621838378033178,-0.79104535303395,0.201719411457592,-1.22077484335282,1.01596822718729,1.56568859777385,0.262285343806545,-0.419264903307037,-0.377295149364277,0.144039286270614
1,-2.55020707787622,-1.30747840824545,-1.57179232604639,0.169868141000461,1.42428031134983,0.202111296301692,-1.51002973203894,-0.379074163847942,0.352667634984165,0.188577923944799
1,-0.140247548479405,-0.640873489123793,0.474595849939354,0.333145715961546,0.401318426719893,0.23460685223951,-0.510836205911017,-0.922281835924355,0.196017778912826,-0.0365718177018277
0,0.51056000080797,0.786102979144397,-0.240151113106535,-0.698666763788695,0.134828653192904,-0.827012069881073,0.73696528673755,-1.37356488252373,0.456614179939556,-1.00204930696858
0,2.7926788938602,-0.699663011811674,-1.02212287577005,0.524913158965458,0.0215643012595382,0.105222786683522,0.355786097289335,1.05348460245452,0.00840138604547863,0.0481738842773673
0,0.740800315493369,1.35448088677376,-0.998835958990639,-0.0950974828609206,-2.74872364097591,0.550929999928471,-0.0293753893029918,1.25768048672777,1.41152366814881,0.106105770126028
1,-0.298731742869486,0.281708327834723,0.180911938091335,-0.341222099431248,0.545626743738138,1.72041001229583,-0.807093043918352,-0.211110269031426,-0.280848794491284,1.25511609924359
1,-1.68490459947059,-1.43487480999011,-0.412604364637312,0.375607450233409,0.081967432557544,-0.688375215258801,0.475658343737711,2.60813497522575,1.8883417115599,0.482538218149112
0,1.26347478305413,0.529249782196779,-1.0167579062488,-0.834456151257556,0.104909317347549,-1.57540912635519,0.434096007315284,-0.234531471631652,-0.716811172175868,-0.120378484439199
1,-1.89398166210617,-1.86315124238467,-0.502302579391537,0.143327782264611,-0.752224890813265,0.0990268137611605,-0.0576847866100086,0.767681548969787,0.487971292691721,1.6094539988234
1,-1.66763802067764,-1.61720155860304,-0.00831825985377412,0.461620070814401,-0.549315558176598,-1.37443378703461,0.961221259640443,0.388209322092763,-0.0684086297068751,0.618080777967555
1,-1.71092806381272,-1.28243896267581,-1.90460662118514,-1.91838187611468,-1.00883294040112,2.3552285631339,-1.52698379037914,-0.138629096172768,0.36623112119932,0.626454588498739
0,2.27540355575018,0.223708668508962,-0.230979854403326,0.703446627223399,-2.24011986273417,-1.22793471775542,2.0441419940736,-0.478442609220632,-0.86348654610065,-0.757763901073562
1,-0.308295777817279,-1.60322186793356,0.509903895871637,-0.984241922984037,-0.36078550385886,-1.56460993055658,-0.0397514473009239,0.00544230480228758,-0.126329092930486,0.166307025967929
1,-0.545278807027338,-0.551096174021723,0.622257828399017,0.696604517751617,-0.356629642598108,0.752057378005414,-0.144869743918963,-0.39926893875734,-0.598844707443937,0.409442955082974
0,1.68374282277257,-0.132227663480182,1.67126214046279,-0.246773286962782,-0.979501189164529,2.078772331111,-2.01083941163818,1.45225289538037,0.413129415102126,0.223005932620624
0,1.26216054128449,0.775900613744968,-1.59859470290921,0.576217656885696,0.51594970924855,-0.346515774491036,-0.471007983567079,0.384241589155241,-1.25741768708837,0.672969018004067
0,0.907046941720077,0.299586618759358,0.144477744160578,1.38140772845089,-2.08925702598424,-0.327693685580524,0.784311139905076,1.0003735026728,1.41932930409004,-0.119675243824767
0,2.37632305174892,-0.650202098006362,1.66813327484754,-0.411524018886901,-0.412751293072427,0.755764982561674,0.379446320133454,-0.0618542531090765,-0.102380214332169,-0.262549095516801
1,-1.07014357509555,-1.00943771139624,1.63729168575111,-0.860311942077921,0.0147380061973595,1.09329276803645,-0.00738261346013075,-0.0240947299120074,0.873113008777004,0.174784754778827
0,1.39087272319831,1.30772491473081,0.406144873400722,0.682417154352385,0.0840472269817592,-1.06405666045675,-0.938004709069026,-0.291629048383316,1.94525685494958,0.141720330687094
1,-0.617989953980375,-0.23783063555589,0.0924526903518735,0.294892140309024,0.921029054981125,-0.619202166209793,0.959860463231492,-1.26875368506211,-0.706706433661172,0.403647895315927
0,0.693414926724313,1.92507063010109,-0.799034552804593,0.969564998534961,-1.44699880838266,-2.69761358456774,0.691337335500217,0.803788795048345,0.518330816817544,1.29469933875732
1,-1.29155440139531,0.694191480686443,0.536820253178432,0.340791749157799,0.13141548695608,-0.933398208336765,0.11724120160104,-0.16962865300912,-0.0994199101315068,-0.791850482513474
1,-1.21319689905094,-2.56266987995363,-0.361572892055496,-1.11997560635349,0.180190731848216,0.367188117765463,0.605127857851072,-0.285286173749162,0.745639568027799,2.02038672787914
0,1.36659998107904,-0.345407517737859,-0.709034818124468,0.136664969902121,-1.06558371765042,-1.07861309311775,-0.153186598091928,-0.533797200110324,1.1117114556776,-0.176269563047516
0,0.0160927995532961,0.188547582724002,1.02773995789555,-0.274565612231945,0.545738785212607,0.252831523413305,0.0822042352327541,-0.364054577098682,-1.18464558746384,-1.05229891867231
1,-0.865439873901483,-0.950967244597651,-0.356407064307737,0.310338969322401,0.32192470229602,-0.914330774385385,1.1997547050153,0.923373876377268,-0.123988384840955,0.330186347694674
0,0.269436320599015,1.6218412047244,0.141009748130162,-0.872674101518486,0.823138388315127,-0.846084930547681,-0.0842052691808231,-0.58331493140101,-0.851879355131987,1.39671091242909
0,1.14169064880663,-0.115587778257712,-1.12241717100291,-0.929047087564924,0.508966617988,-0.56385667214771,-0.869424608828757,-0.995212278451875,-0.423578759249021,0.343217151082968
0,1.61778479931842,1.04926630865007,0.139905171488397,2.11671266793486,0.781864817290067,0.282260300167546,0.869491344391853,-0.69426175748046,0.357492430864184,1.64503080639738
1,-0.603154901008526,-1.1525697745345,-0.162028031548731,-0.438365134176043,-1.32595925914607,0.874778961705717,0.968519090035577,1.31402989498795,-0.336176306074263,-0.256279333194616
0,1.24906011395526,1.77792228424757,-0.477231951514437,-0.406640028953781,1.80271974000285,-0.201298040688495,2.23565902501217,-0.923766754374762,0.352750607488705,-0.709174692765667
1,-1.19013959101583,-0.964191258741752,0.398146355933663,1.77640818898443,-0.201942294025179,-0.894565056377668,-0.11210814568161,-0.657065032281622,0.189428991218742,-0.588447210176034
0,0.161016025192385,1.60582927866058,-1.15572740106854,1.97681472752228,1.00423666824317,-0.117376955207758,-0.154559669852653,-0.397420283296695,-0.225783237119474,0.0608991067004502
1,-1.80977924482918,-1.23342246718484,0.699789606691695,-0.621177050322791,-0.35421345818509,-1.28079319562992,0.18001758299783,0.420567012543104,-1.80928951870725,-0.207714273118876
0,0.619783591528188,1.39625160024292,0.302344993494876,0.929302073486779,1.24186828168715,-1.31155136435135,-1.06718270455173,0.43710429413519,-0.0116516666362024,1.06289635094179
0,-0.210466103301421,3.15522056661373,-0.102158520797616,1.53898379469281,1.48736283718941,0.111895664685945,0.393344950793667,1.73070993621471,0.316898685552175,0.690617470849694
1,-2.38980550981188,-1.68379480893587,1.19709274937997,-0.0105122587651601,0.825189053682867,-0.937242206055598,-1.62481574939049,0.0760728981841686,-1.25132403535179,0.427502298859951
1,-1.08490508130848,-0.763894570517661,-1.13220637834835,0.694519456378974,-0.706194829675742,-1.13821771575528,0.519537779731999,0.107799977420109,0.517741470328526,-0.701775050624042
0,0.750829069975047,1.81151882341902,0.296388813468501,-1.47327937692518,-1.52167947258869,0.668609506858593,1.14813868195174,-1.03635312462734,1.16061046078445,-1.00894022754318
1,0.202189807864947,-0.901745942090159,-2.17960280048213,-1.01091115325702,0.984027836306374,0.593506979544387,-0.904067131234467,0.185088308183656,0.551277795146171,-1.06635875107953
0,-0.810959756639547,1.43944469604956,0.367631234717746,-1.23569780611046,0.612916814816418,-1.94734130839085,0.955756233923989,-1.37133686574925,0.727567325013974,1.91067791684674
0,0.477459078406412,0.539711440842084,0.597220105434776,-2.21899471129767,-0.498168215320996,0.3257195297699,0.304440516626637,0.290380860777253,0.735676964002657,0.0698406735907149
0,1.32849302176373,1.16534795149793,0.576819231786691,1.17370316863194,1.00491839356777,0.428207743879076,0.0198097178275879,1.07641664711184,0.298804779989579,0.99610522021506
1,-0.163244852964288,1.13707316670634,-0.472774429890457,1.0707227391427,-0.251119551662823,0.705825231566484,-1.8928874550771,0.566465970526184,-0.463312322278819,-0.276598234472531
1,-0.695849472017559,-1.59975728479369,-1.88027510605712,0.00956076357760195,-0.474703074987904,-0.18801110880497,1.27841534140557,1.65925761918621,0.674681868970872,0.694575815991436
1,-1.23122192778792,-0.593752272867845,-0.336946852519582,-0.300527793398679,1.83491287430937,0.0673233342045906,1.57221602093947,0.550282297998447,0.0400709894872809,0.739805023204399
1,0.319474074982726,0.0620122138460697,0.54163444970172,0.604331333642237,0.484366928609517,0.545862210556722,-0.262299355189218,-1.47269649129753,-0.608925099492889,0.340452811335099
1,0.101441162910894,-0.77921845488473,-1.00165014442018,0.155205633826749,0.568875558793755,0.513556582894615,0.230095272512933,-1.67233509434451,0.868757230143991,0.517213432841927
1,-1.33964666912064,-1.26203653072718,-1.09285851891197,-0.326232899527721,1.09520871099522,-0.0856947496367714,-3.06887349264709,0.095585752663733,-0.0461557809171419,2.02725005576552
1,-0.461043324245366,-0.650794662778576,0.762269279829454,0.733190783650462,-0.77404140889206,0.930673003194428,1.59767247784946,0.234617552304719,-1.99821831176858,-1.34934140826035
1,-1.95500420386527,-1.75217809260212,-0.879148941815737,0.554827814956956,0.759409811808428,1.06207319859548,-1.09241927256774,-0.945294656617694,-0.453066069135396,-0.0728187437828565
0,0.996445757044913,1.22606374099359,0.0675910317724064,-0.459746998902481,-0.993468251008932,0.152662012471871,-0.185700619572019,-0.62617712169665,0.0226588212105658,1.01389879318122
1,-0.117812213073512,0.425762029911518,-0.533063900694726,-0.106983706615299,0.21283509315953,1.49994653639284,-1.81506837287796,1.19335491749479,-0.376630748031641,-0.174848269227147
1,-0.260133468139514,-0.00125466754130055,0.780851462873834,-0.761350834098497,0.932602760738777,-0.239673983607657,-1.42647266092827,-1.1252887890304,-0.910597972846734,-1.03833068305615
0,0.0688234930443399,1.13278859213732,0.848372855268035,0.712899430412518,0.135598306814047,-0.120815625979812,1.60443461671876,0.546055556037851,1.45802758083287,0.706892217352586
0,0.127105168201555,1.06018494721232,-0.690159113470114,0.532335162571444,0.0419028470552758,0.947337327600543,-0.774063000023659,0.915747256182276,-1.23050361198024,0.206221374721693
1,0.301449166262119,0.154199634213983,-0.847796093528015,-1.55372072838354,-0.944213697756609,0.783437891020231,-0.485789034262486,-0.697426245728988,0.684621162851591,-1.06917352494506
1,-0.929606163815518,-0.313857575347283,-0.489331987146268,2.43191954743746,-0.293572423753279,-0.38044894647209,-1.40568651843696,1.59487808488379,0.0622279354932586,0.145828278646222
1,-1.31734505282337,-0.486383134036129,-0.567567456641037,0.228150759725549,0.354523559110589,-0.82212635406128,-0.543540979575609,1.42466691650241,-1.1936221983214,-0.138257836822747
1,-2.0467912175975,-2.38454194284355,0.308368086409617,0.527933299837838,-0.118270365758134,0.70626587569923,-3.21693780735319,-0.331936206554382,-1.89752513638925,1.73430299245632
1,-1.29006101485773,-1.13609106847832,-1.07546235211737,0.0696304893354206,-0.135346568348692,1.85782435021637,-0.121540448241301,-0.37326206403354,1.2462364653788,-0.726979015276445
1,-2.70819955074015,-2.47042097834974,0.928298507213568,-1.15252476784046,-0.69301523014113,1.04773482907416,0.643925308143947,-0.935474079412359,0.868308936930317,-0.294729363208237
1,-0.193175365916939,-0.50720221940126,0.784253793454349,-2.78654739191714,-0.182191392684468,-2.51419021660211,1.41710455082406,0.138374675429518,1.04440306557948,0.0108747626049782
1,-0.0324826026694401,-0.980717322440011,-0.814711163218137,-0.231040206201703,-0.306677570046992,1.93484773576534,-0.194776559310942,-0.563122990257193,0.0218135345950583,0.239604159583025
0,0.406704071966185,1.97867242905024,0.75498173687913,-0.77263126306299,0.139236703024912,0.388439249802355,0.771842378688223,-0.26682989307518,0.334162413334626,-1.95200703875823
0,1.61628194575995,-0.825077721000313,0.520515638776641,0.277456758445346,0.44391056366341,-1.10649932245121,-0.823677425279959,0.82165540274753,-0.318866999897946,1.06744134875606
0,1.91231465108744,-0.189247586007679,-0.171884805723203,0.213223909374933,-0.885708334491331,-0.615970146656799,0.668191547896034,-1.20793479868378,-0.0889938914772009,-0.0471351561298358
1,0.446169229551981,-0.567825035887671,0.297759428926516,1.95680674465721,0.257948995104109,0.782553466403131,0.181413959491483,-1.15204568929005,0.525274398132955,0.988219199794623
0,2.10022155928629,0.796527161667759,-0.813994060777753,1.16840621203268,-3.07896321755308,0.0128987345422957,1.22216331648487,-1.55377675470055,-0.286834147687735,-2.22533446552111
1,-0.47272443492289,-0.264465798981961,1.60506046551839,0.395564169367877,-1.68651701996981,0.795719569036154,-0.0634532043301441,-1.03716924619676,0.503860844545498,0.86026161730378
1,-2.13580487451785,-1.97752749353477,-0.754254749878395,-0.447740164502284,-1.15009807719898,-0.591176286393067,0.994517779459471,1.01864317888821,0.132085151220362,0.740570308547851
1,-1.07023090546854,-0.427579569514421,1.58885837962605,0.236035223664025,-1.32591909291339,0.806671070041939,-0.122618382425678,-1.16526740652987,1.35049587712551,-1.12256888969517
0,0.284737013505213,1.61403934849311,-0.285155015379736,-1.35296597298364,0.533254626779687,-1.36080362797547,-2.17803788848722,-0.260697164013104,0.651187411856975,0.301131513767468
0,1.09121628006632,1.73741098665447,-0.411399971250513,0.328758592614489,1.50453666981425,-0.134267390260558,-1.23134830379495,1.26675585143554,-0.669131067514653,-1.31239420097668
1,0.335491385233631,0.599031768805146,0.77126865479319,-0.346901133404224,0.898155876823478,-0.357878383014723,-0.215531449791738,1.32950888272127,-1.3728618083699,-0.749304232846433
1,-1.2745589393779,-0.916738561417412,1.34219612015607,-0.254173285583029,0.297691619309298,-1.47123105810081,-0.70002519983226,0.225809147824111,1.53616591909583,-0.748643901509035
1,0.381235150831212,-0.0656146714656677,-1.35104686473287,-0.149491824937478,-1.1216999904268,-1.77757427033886,-0.458782178276492,1.25609800852021,-1.70332881425272,1.43618563009275
0,0.465788179965306,1.34011755533234,-0.227538167740478,1.80226554870879,1.08657133869132,-1.03375624411826,-1.55009278756672,2.23770646060684,0.436294948005208,-0.551423808180243
0,0.794087865178719,1.32353531399696,-1.77838522157543,-0.349626899995995,-0.267906786013776,-1.16644533258561,-0.672731993429843,1.12825101338352,-0.174162030842294,-0.348265371537667
0,1.28636225814021,0.246485261092939,-0.484546103184353,-2.73430127314243,1.02057708970964,1.01388342980217,-1.48734145529967,-0.53220112135635,0.0826375972403861,0.41365008733914
0,1.79160832369164,-0.130091778323568,-0.0408109285765725,-0.168767032714832,0.0259044645439216,-0.70228083613723,0.126833141214299,-0.452561481894835,1.30288133017051,0.807009714742315
1,0.00877504208861635,-0.606938933889658,2.089711806637,0.0268223392721007,-0.374376980736261,1.4778867474155,-0.20950358678662,0.18607166772947,1.47261976034936,-0.911369362612567
0,1.0265898927899,0.698000514169433,-0.227951816345063,-0.1642758075948,-0.521881084053462,-0.61977568944678,-1.73212503654236,0.682497300525407,-0.979545104025003,0.056775356075792
0,1.26097750339447,1.07654080051994,0.138735410101842,-1.35189183228069,0.896098517312312,0.343561984023575,-0.16253764740436,1.06710768062141,-1.52269553243174,-0.200848252362036
0,0.402210116475121,1.91384674467585,-0.808408292204783,-1.62117374109618,-0.519221212060639,0.153380701845757,-1.55725340974249,-0.532222043485058,2.11302423560265,2.60576527427717
0,1.79315150816077,0.480614447730455,-0.722240284326256,0.293622183603844,-1.58974118375073,2.06461263210063,0.35241289278852,-0.366104907807884,-0.448535555941661,0.695392761549661
0,1.56548467187182,-0.0488707359045999,0.757204413042286,-1.26593037272451,0.554559503688102,-0.180282087825631,1.58899124623141,2.89595167061958,-0.119491833407183,-1.20656064534402
0,1.30142883854114,-0.0173401854453403,0.583039619924356,0.854441034180159,1.37690327012739,1.45105559758262,-0.190365722515714,0.6866086340252,-0.506170698227752,1.86760410828491
1,0.230901695223855,-0.221888169115673,0.671212088671096,-0.0333839568815251,0.194133169265403,-0.80929881461205,-0.1195459812772,-0.421970829486422,-0.981914652883153,-1.67995707833372
1,-2.01465244349844,-2.68647118520072,-1.29659794000111,0.808731785589747,-0.0377643476720583,0.975221271033988,-0.203718848883396,-1.34818946371968,0.895998161819019,1.57629095947372
0,-1.42074838017098,3.43479333917924,0.220350637326544,1.17215934021365,-1.61986924282745,-1.02308513947566,-0.621223614816197,0.454657785324983,-0.836933877405571,-1.45994761567072
0,-0.16101835651403,0.839792158663029,0.780002128516555,-1.28740701560114,0.65770177177351,-0.464747795930261,-1.75733350828577,0.196432176987281,0.287771071472969,-0.340339864806258
1,1.24075152300168,1.49450357331347,-1.24489392311688,0.06559426835121,-1.54173010203999,-0.613478990628646,-1.14297209730828,0.125498069688692,-0.448967964527965,0.243112712308418
0,0.519638563929885,2.00575003357027,-1.4346843375171,0.899393277228829,-1.81430979242029,1.55577597976405,-1.28849632276303,-0.270255354714994,-0.025877560840669,-0.969285165519699
0,0.197334090878161,1.37530620278915,-0.921659113577035,0.607570216406357,-0.21415293282688,0.827646034252867,1.0916149928591,-1.56168702052764,-0.91703219879909,0.490373835570198
1,0.0512520709577975,-0.359525352126667,-0.498099641956749,0.465511001551519,-1.18546461925071,-0.251803956186971,-1.20781555553875,-0.103409950708266,-0.498133069297453,0.272473334543097
1,-1.41960389996019,-0.953431751403806,1.3186119284287,-0.991472449051421,0.665377385599452,0.0452499310451861,0.419890855243628,-0.989689088666887,1.18327971934297,-0.46326585877425
1,-1.06000324021719,-0.955191231580816,0.591559350485452,0.741884658170641,1.19819722491019,-0.0686625594069739,-0.302594385743931,-1.67916880969926,-0.0536785832771295,-0.289299113290754
0,1.05898042631383,0.403922449151373,-0.399147113958818,-0.540077675517781,1.18296607313646,-0.875472247288897,-0.942830015499938,0.449230726087626,-0.302207476831309,1.43959847744474
1,0.170818954871294,0.0312103341641079,1.0160618872942,-0.552787956133793,-1.13137904237091,-1.26092761408426,-0.986172147520406,1.02161363396698,1.16048394439105,-1.65898440537273
0,-0.386271916120954,2.3703353512035,-1.02566565044283,-0.00353175228315643,0.754028533121159,-0.339056554606073,-0.662155046903431,0.832695096636849,-0.601782203009851,-1.13476891047294
0,2.70965349866808,-0.824903392595002,-0.793732023225738,1.04765463951702,-0.717847862328608,-0.162520912311842,-0.64670136066614,-0.825772409956175,-1.82165700760668,-0.861545467353033
0,-0.732221991341248,2.60687771078603,1.63289783769678,-0.308548312841422,1.69442739244305,0.58791304678083,-0.78170358612352,-0.859533712966251,-0.408265141876975,1.17363659156823
1,0.19830788879063,-0.428895702581764,0.177447335905375,-1.17345072955218,0.687531804871697,0.569785735458534,0.361253119112972,-0.409487483723991,-0.945286304692193,0.551152193177195
0,1.17010306019809,1.20704182680147,0.215736983931542,0.370436449933561,1.81827281944575,-0.324915309594375,0.096215314502102,-0.684637128410053,0.634977399224949,-0.657400959298603
1,-1.78574973523223,-2.10115184562431,1.00237263917748,-1.60648616583061,0.572838124839506,0.970416516307489,0.24020214694446,0.10759871532632,-1.17495554726921,-0.193823383960417
1,-1.44885170244739,-0.904354072196138,1.03962898915107,-0.170557501365169,1.02233722060235,-0.256307945061264,1.09559553571099,-0.286668696932019,0.569826242014612,0.521545246651574
1,-0.153889662976083,-0.560219675878647,-0.993813221609193,-0.418504310763085,-1.62518045233166,1.3568367995141,0.44552059473558,1.02636125685884,1.25998411927695,-1.0305988908546
0,-0.288823902084962,1.78382946730066,-0.818393473189886,-1.18415584332469,0.53421096128228,0.60215853077252,0.502759230352672,-0.106516095252761,0.290773882213948,-2.37708721689437
0,0.841078938900394,1.61540495809252,0.908635454858149,-0.958240409329897,0.348747529204677,-0.524780785456312,1.37842819831818,-0.488812553960986,0.574473831529545,0.220999235306068
0,0.933260949205941,0.725009922127271,0.131814263103323,2.20054533711637,-1.0137900643939,-0.357042534394588,-0.281181026229459,0.439260709063294,0.286536688100194,0.219588204598459
1,-2.97151647264772,-2.39207917321444,0.314776406914573,0.402878706135669,-0.317500262732851,0.850664975959693,1.03495950509405,1.06192292797455,0.314514279175987,-1.77890910232229
0,1.80782471941874,-0.0927492266841992,0.387188439467134,-0.130396955467751,1.00222438447982,-1.43369361085013,-0.554088429750603,-1.77664420015924,-0.210051165071393,-1.55638691699398
0,1.22151531481781,0.716523870933158,-0.810339566762655,-1.08240124412906,-1.52575205559633,-0.953621301959846,0.19941064461313,-0.764304642938203,-0.180146628340177,0.482227656023816
1,-0.732205674850853,-0.737379546641316,1.54322982406115,-0.482955920084558,-0.272009122141325,-0.0186905128439662,-0.223477158565947,0.180544925474904,0.417334281931827,0.220733154229821
1,-0.600413954245273,-0.354612489344656,-0.557399481140247,-0.102247283914661,0.341646737617443,-1.03804565361333,-1.41641102587051,0.635109169423541,1.07526282030317,0.818475733025591
0,0.158385394348129,1.71450207056618,-0.288587491775345,0.925841556960353,-0.124638466028382,-0.371500827123234,1.90175492040246,0.147652015778453,-0.555365702235674,1.65683497806481
1,-1.25315762177775,-2.16033207310087,0.944073397174257,0.33005997924748,0.217087656272216,0.553145772043315,1.38558143988862,-0.350085906514244,1.33165808462062,2.0884283417463
1,-0.981161275314163,-0.808116620580366,0.0434365108798171,-1.52499188975933,-0.312522167189514,-0.819600887306183,1.02334845091801,-1.51156456881177,0.0232198722476073,0.720243983326096
0,-0.973122017474701,3.08328937352266,-0.890699812789115,0.098650184445384,0.671240970484582,0.390898555416019,0.50931699192848,0.0671331618887294,0.606728880417396,0.126451469584363
0,-1.63155999030566,3.37255265536639,0.495655923849781,-0.166766684917706,0.00637623523411432,-0.257184975582185,0.655365430142152,0.546187075685998,0.183697860562045,-2.40508965502225
0,0.636048629049899,0.814037144864716,0.437340297669288,1.27314058068652,-1.18557832617174,1.51641617414587,-1.58123810534799,0.472329274436858,1.12074216422164,0.87849183222558
0,1.36731129968882,-0.136995289157427,-1.19778521158788,-0.433729916233875,-0.448015209676312,0.0853257170035531,-1.07922172471434,0.0585403778227951,0.739722935971149,-0.0259256922991059
0,0.532575223534589,1.19005106123469,0.0636724420467068,1.35964594226243,-0.0874984603585001,0.182589623369832,-1.08904281954363,0.00894433936374391,-1.35814277712475,1.44707009320927
1,-0.818857214734625,-0.808908126805864,-0.63192905080373,-0.927423115910959,0.69628561320824,1.01989307733301,0.816466124240598,0.573419623750492,0.217805973747717,-2.005902065685
0,-1.70183597619037,3.93023217764075,0.611834579057655,1.08648556095224,0.249650473709888,1.13935711894375,1.43288102076621,0.52062047239549,-1.86462753317668,0.667289163294482
0,-0.564971034159209,2.08679945059837,-1.46608136000754,0.160341670805574,-1.24188340320115,-0.435802438576956,0.203445279230777,1.14581241425128,-0.30800625038903,0.0939302888276729
1,-0.535240330778209,-0.438306712330177,0.855828460355743,1.59423070226049,-0.935133250760936,2.10403306862509,0.909422701776891,0.91364021136502,-1.75580928112659,-0.889436708745405
0,2.5562473593508,0.0507677561062222,1.12570165386306,1.27959312890242,2.78258611560185,-0.0765999744909679,0.349953412409055,-0.618476118422609,0.0917341356187901,1.47341898605694
0,3.02238951631358,-1.34641679101864,-1.82255224899158,-0.554040937632076,0.375919009427215,-1.28807716067653,1.62966579817731,0.265347410625087,0.800344587159632,0.186586766332063
1,-1.04080044338788,-1.07665233566008,0.160884821178282,-0.347189159621094,0.305254392850928,-0.107283364078212,-0.625024201382777,-0.75126503779285,0.371602259636325,0.853059072676219
1,-2.22095456464583,-2.22787775590133,-0.408388238239126,-0.455113439540835,-0.44590444136973,1.20907383573048,0.377797768009145,0.764206041792382,0.221765437890746,-0.800880387215067
0,0.507410211175258,1.63572593435167,0.834988463007565,0.961315233187505,0.763109203323202,0.853397161099404,-1.10945376385603,-0.589407405961314,-0.392420914284623,-0.654413203987753
0,-0.563394648725382,1.83169877361556,0.396610858282565,0.2880166719019,-0.921452084469283,-1.07904936270357,0.592231452135565,1.49913210521744,-0.49195433387576,-1.97803761281511
1,0.68432845319875,0.40213724846372,0.365812006423185,-1.99823740481207,-0.576858745335125,2.39195255912179,0.742924973414299,1.49820464974061,-0.2718011413568,-0.225288047504194
1,-1.81575547898362,-1.99596046899653,-0.476736158971245,-0.227245981279047,1.16284681064975,-0.746685367303648,-0.914427547802395,0.0291267125115371,2.03249672166289,-0.521202906133943
0,0.297576462179966,0.92198771070151,-0.506853297397439,1.66346246109295,-0.273372627332765,-1.07560866106825,-0.18570169250476,-0.943305734136657,0.626116179073087,-0.483277869423016
0,0.651754324035259,0.921853323640409,0.967067587204898,0.545931143287796,0.720025224393972,2.22738352835862,-0.655184187799083,-1.15255937334461,0.0833848408418213,0.681226605325268
1,-1.09078039892919,-0.559415797056226,1.1799679430375,0.654393976633658,-2.11558331822511,0.291700623649023,0.555248269029618,-1.32631180155802,0.678256987723615,-0.973255907064224
0,1.78796843197386,-0.0685868039153492,0.775481009928487,-1.74483453587029,-2.21857327949006,0.204297917906765,0.178380943524724,1.21540494890038,-0.0803827224246509,-0.0726676393026378
1,-0.834619983409465,-1.65776179231093,0.799484467152829,1.94210083189885,-0.817772315233831,1.01779685288917,1.5257116903121,0.898670121720836,-0.679529983804429,-0.287513448422911
0,1.89789625672906,0.667321685199345,0.355152944659158,1.17651845072325,0.202805281480509,-0.396390494463064,-0.71855176502759,-1.14747439460108,-0.11804365290642,0.0913199980417788
0,-0.272202192347492,1.33207361633924,0.667410121546606,-1.56721657804179,0.148786991660664,-2.47694656047609,-0.800874394540186,-0.305473391165055,0.0466564397736742,-0.375419479916477
0,-0.433766419123131,2.08391412529528,1.14843252297349,-0.77241883939981,0.689514553368272,1.55675277371664,-0.920368540041126,-0.190413736257164,0.195516516657686,2.08114338425341
0,-0.831281090944928,2.08873564814395,-1.10086660416749,1.16453125136631,-0.898631249218898,0.395061515612728,-0.426678157597064,-0.437642326215173,-0.945626754861265,-1.07418376820088
1,0.239293967603317,0.0457028660241214,-0.0875239957728118,0.0772456795913396,0.734325119533222,0.884818971039301,-0.39327924244944,0.0904870996901735,-1.2869598388456,-0.500097400430536
0,0.381236552469051,1.3447010133668,1.04516547757964,0.270112675269041,-0.339759120818417,-0.460952059904312,-0.729900086809675,0.811880824984049,-0.182594105676761,-1.70139584077829
1,0.380629795890979,0.0149878941256696,-2.02535814736709,0.867208019464877,-0.264180462940594,-0.259008670503973,0.538026216443103,0.211296546190327,0.0961661956347904,-0.254725018163481
1,-0.350157168152263,-0.0679116659457082,0.407866583081557,-0.346560789313868,2.1353495357573,1.71162305432484,0.386848392810026,0.691298097297892,-0.806209889631774,-0.702545955496468
0,0.166644354926265,2.43651502722352,0.129386850199283,0.890616835986754,0.492827187127413,1.15711005219815,-1.7395502135932,0.957490789307044,0.201390599305947,-1.36137320603563
0,1.25167246029943,0.70653409195879,-0.395123393331319,0.494838381090057,-2.12773242569451,-0.717465469357702,1.10495858219137,1.19319680724429,0.0372828341258354,-0.868925241299089
1,-0.581455556308704,-1.87150233468923,0.680301035183148,-0.948869550730126,0.468063916708618,-0.13238084723952,-0.81184821144471,-1.56357295821826,0.79868608841219,1.9867119808402
0,1.44097387831046,1.01582934055367,0.0276914507345671,0.0456787797564959,-0.532589246720483,-0.284751085114379,0.0762817405343337,0.662979290112119,-0.408757914442316,1.42177500778457
0,3.31705965261151,-1.26951563637299,0.550423231322925,0.269422538668015,0.550592771010682,-0.522712044450634,1.22861741890164,0.0551431456297881,0.751405573203867,-2.92728978979146
1,-1.21090906157616,-0.43666723215401,-1.05104682537323,-0.265174371656514,-0.361821842924756,-0.0963053514624111,1.23290152670721,0.607051334658582,0.583539023968473,-0.235521017881184
1,-1.13374672539822,-1.08966474507156,-0.806194966380674,0.489245779219772,0.403809000093114,1.20028582109602,-0.696743068234251,-0.287205631614119,0.715521540660951,-1.20492647063027
0,0.765910650978839,1.29819276893169,0.411133642793452,0.705481392219871,-0.596945151359655,0.660856078828915,0.338181195499084,-0.229920814843503,-0.11830638268051,0.59916467035737
1,-1.37772478762668,-0.88878426259178,0.21559438274064,-1.55953167137889,1.58009427643781,-0.259321583383639,1.12265123705066,1.21862303603963,0.955807204588357,0.30797289626581
0,2.24205740390784,-0.353663904369252,-0.581572583671315,-0.179804694225656,0.987920865547279,0.429481838840398,0.358780632442108,-2.19275142472681,0.0305478908428822,0.562056733354769
0,1.20734646726848,-0.469645481462561,1.23082943612312,1.47887477547727,0.339393132932248,0.291098344535307,0.765861257168534,1.25432309098652,1.72426298838211,1.03483275491613
0,-0.138371640248863,1.47202439057325,2.09993653025327,-0.557920051342515,0.712707186161948,-0.651217860334075,-0.498709997234646,0.932679288178095,0.113284436794971,-1.1223062848852
0,-1.05080418842487,2.7982676731197,0.636676728067737,-0.0985909577043785,0.0122750596562057,1.70175282815211,0.834326701498036,-0.279439432649964,1.0498451252811,0.31429429529651
0,0.208519314269193,1.81757307186528,1.60283487205316,-0.469815207154217,0.0294499164679947,-0.0863922728385565,-0.402266762671003,-0.958446242877687,1.14741382376662,-0.14433814626398
1,-1.02813109578015,-2.30144539660255,0.27831853940996,-0.7732141769411,-1.68015369718106,-0.475970891943947,-0.846317504691322,-0.495546863879656,-0.296269708553318,-0.00092371956415873
0,1.5869003568892,0.331941242878853,0.543279427939207,1.94370839036189,-0.997619594541018,0.132694805336031,-0.376592004760723,-0.768653762967123,-0.661415745558266,-0.13550368289592
1,-2.94114651212169,-2.29295754951842,-1.30881141205465,-0.301250300295796,0.337805402879404,0.132270226099234,-0.792182333038235,-0.160792631708102,-1.98069772187874,1.62806745904632
1,-0.820064589524673,-0.235742299004484,0.778584868853606,-0.0363348633851657,-0.511097957604583,-0.747604168285175,0.216089758088241,0.37019684784149,1.76980511570823,1.49394676863718
1,-0.905074835108092,0.278490211446322,0.0937495424176165,-0.979856566781049,-0.0200978064814074,0.493571331517355,-0.490143476221673,-0.469938320395038,-0.802490192561741,-0.168117369286669
0,-0.600230633190227,3.22824380346575,2.22987263788472,-0.373502709270979,-0.409014743879362,-0.97052435957043,0.761438251676395,1.35340102834514,-1.9767187342493,0.177859224675164
1,-0.873419217179083,0.0623299966050133,-0.562061122617206,0.185095540892019,-1.03981182138251,0.268028687821946,0.460516790944638,-0.394427185944665,-0.0431895442147638,-1.18514560132848
1,-0.552662098374291,-0.0321867958648049,-0.457399865216721,0.514992657005908,1.39382994884043,1.4725052217585,0.881671715537276,0.457273706678973,-0.151287222232916,1.39706653908742
1,-1.80308842725974,-1.733401930074,-1.06652814090852,0.102891383623264,1.73608073452882,-2.03184850099649,-0.213480758959042,-1.44453564966563,-0.329117427257171,-0.591888802445968
0,1.35138965360367,0.482768398897702,0.590728574807532,-0.647646618450323,-1.24687803857501,-0.914058512648529,2.50978583892979,1.14566380788126,0.129401829050187,0.67967056745128
0,-0.625866809231595,1.9001431281134,-1.6435381864862,0.037781185575275,1.01349453416199,-0.725653514881862,-0.237965023111328,1.30180009185441,0.0497732580787237,-0.30517621604923
0,0.768714259781252,0.366729214842975,-0.057066145147996,0.572062119455931,-0.443665953173889,1.1081698995999,-0.444756869603123,-2.62905113181094,-1.35143256417341,-0.374955589348857
1,-0.627181299535341,-0.172825130029945,0.693522768084589,-0.709406646672822,-0.0171228886072979,0.0989883295039361,-0.181992873626858,0.911439110043355,-0.448283073654023,0.206010840449254
1,0.173280058226811,-1.00068162750852,-0.0786786187269435,1.25908713763592,-1.02754618141245,0.185359866174179,-0.975599610882658,0.892036191440565,0.301260209590365,0.148986226164196
0,0.693085270867755,1.23589591660281,0.152702847337688,-1.5441403558821,1.15472682161351,-0.018265990348026,0.524352814062885,-0.826574753985311,0.350975702033898,0.312420307934394
1,0.528760540008222,-0.048580010434256,0.392561811482352,-0.25286494183828,0.958682789922273,-0.564600543567653,0.33836747585479,0.49043621541264,-0.854769692324158,-0.110281562124239
1,0.0413715061350941,-0.610163381986153,0.186995205566175,-0.463977033600686,-0.621591923833755,-0.193020073444622,-0.0611639027162244,-0.734418925193085,-0.778036957007324,-1.14428862931126
1,-0.168748561407845,0.81403745330123,-0.407172085647986,0.0701276266286603,0.252302300310605,0.841799297188167,-1.84155805292057,-0.693621396567504,0.83587925924986,-2.31996894643281
0,-0.0882093570499038,1.8361368144793,0.924400207333937,-1.06906282036503,0.432255194347876,-0.539193124703502,0.251299157571409,-1.28871468603381,1.44167650824058,-0.643684362337669
0,1.25346617288628,2.07702706710408,0.362556895300428,0.222871093045713,-1.16563585373456,-0.36675849984425,0.0736498852972556,0.619051052574027,0.781787476001563,0.803648744876789
0,0.46139427741671,1.54532099881078,-0.317219121627271,-0.215269437739575,1.4486455803274,1.79368315149443,-1.29661404553481,-2.16356376546398,1.25996720880138,0.0932101653159871
0,-0.333148599332386,2.25208818882914,-0.89964302665779,-1.41585697363242,-0.107487175860459,0.29074601583082,0.518985009721661,-1.14502916178252,-0.701057374769319,-0.12657786108122
0,0.773648540935107,0.147710255604738,1.33158682626933,-0.393576331966511,-1.06048685426463,-1.45573385036944,0.326549586048414,0.44496020229728,0.28364060362429,-0.477353467466016
0,0.741381461390561,0.779686756018772,0.786084975357716,-0.694578260171233,1.21125658777919,2.4304721848592,-0.843250124392585,-1.51744587475929,-3.10270394670169,0.368282713367655
1,-0.987609985555656,-1.42838773085137,-1.12904468180042,0.221733619351458,0.644657602036026,0.607177820669453,-0.424962838922548,1.17998612223044,0.0301429071559738,0.114733748340832
0,0.583733783699753,0.732138601162942,-0.0737319626942863,0.0931455398660938,-0.213293850410608,0.446796010439429,-0.282671316242293,-0.354101645477064,0.303052562331901,-0.166136696753434
1,-1.27783098585585,-0.788605942484127,-0.818438302756822,0.628475160249996,1.67025361226242,0.655073906124741,0.419143553708661,-1.60213562370651,-0.0751751653324039,-0.297531714180407
0,1.95887405225957,1.3670015521122,-0.325849588332635,-0.994993901721786,-0.00589180254124498,0.764798919794798,-0.647091903132727,0.545797746698098,-0.0146121712177825,0.177598504733237
1,-1.2140220259459,-1.24373749125085,0.811523935348309,-2.02797865967682,0.464798977991353,0.450019610483164,-0.0162853893552594,-0.293326009150373,0.0337632862979826,-0.123061270878202
1,-3.3554182320535,-1.77924424414188,-0.159896587337345,-0.487992439761276,-1.42322334232221,-0.846482091349496,0.200608744874395,0.252209143233553,-0.338328425248621,0.596460090692177
0,0.58665178085624,0.966838333628623,0.99735578759969,-0.680275587504045,-1.1218564711861,-0.004485191472662,0.298640507452732,-0.552270228683566,-0.446126222533971,-0.500260714863253
0,0.923592924170952,1.42586707131911,-0.724081430175343,-0.445025297781189,-0.209461403841651,-1.59952764500167,-0.37613896324538,0.388990054789926,0.030579427495883,0.0491404749912002
1,0.201492813368281,0.889769706751216,-0.16203140500251,-0.270430916958027,-1.02066339488082,0.301031880504021,-1.10493667617681,0.118925884482602,1.18552780264373,-0.0129143017363552
1,0.871329124978536,-0.572384282366884,0.928128864642483,-1.20921595056227,-0.753687723707311,0.315409180149074,-1.18631400470127,-0.821387243509628,-1.42698797217252,0.0604559331495937
1,-2.21610322275469,-1.34106091140891,0.0092604758834072,1.88380807351788,-1.74191327333004,0.978850797399278,0.683450879793088,0.0605413091054405,1.7102018963071,-1.08395375074793
0,1.58032316762141,0.443296259588556,0.785452724164102,-0.92572348959313,-0.533168110613641,1.07199818925981,-0.133780917799702,-1.07987226058329,0.0960611302489281,-0.374873842031478
0,-0.0121483261014581,2.54240417773949,-1.12220942700366,-1.21493846074909,0.346650755410393,0.384447387876511,1.84524676668318,-0.394164633060025,0.660595472942342,-1.8632330983027
1,-0.570481034464558,-0.431932510166798,-0.985106047244813,0.0591885387896972,0.385346276557207,-0.742817420686011,-1.08409581647041,1.24488520773532,-1.31450555198855,1.13168757533322
0,1.7268423822684,1.21434571736382,-1.68351719001445,-0.14462725462264,0.437546269729667,0.884995339799299,-0.189141357044054,-0.639049499481868,0.537940096094992,1.42217005747955
0,0.316145618129781,1.86620179651285,0.580418912321422,-0.323177184338908,0.942072918177321,-0.10856654952356,0.606995054782396,-0.557704768103784,1.08933896641785,1.23250310852791
1,-0.324827784568795,-1.01949507518747,0.684127503742333,-1.01430781518347,0.897692467954448,-0.415628284886579,0.0919459707104504,1.94251806797271,-0.925343811977763,0.151748332311153
1,-0.163258833643029,0.4189393787341,1.0773917624052,0.996096640771298,0.717775269897513,1.58975237376475,0.206292670096798,-1.0157719557554,0.961539857048909,0.335338403321963
1,-1.68846681923524,-1.6700503827142,0.084889184352596,1.62227306115017,0.824469636312415,1.44305669987945,-0.293135697286055,-0.44194328872128,1.02643659137906,0.973148348845713
1,-1.85518435395252,-2.53939991335679,-0.0260555075445495,-1.82903670221613,1.82093715528291,0.09819926257756,-0.735397042749202,-0.266598857761946,-0.00699235914858638,-0.503305221599135
1,-1.3175249564562,-1.93081146267516,0.690130066166532,1.85375176248034,0.902776951792058,-1.83765438454423,0.129625547627485,-0.0801909629482009,1.24969027118261,0.560841132681912
1,-1.80069162536964,-0.701558389383607,-1.57078992270134,-0.131067824281041,-0.180039404201094,0.764044377794893,-0.544219019846941,0.43202060604162,-0.662812925329055,-0.692940225760507
1,-2.33511267738392,-1.98120865317148,-0.90915447707978,0.41500623942849,0.628131209769326,0.258134508561323,-1.0529906645043,1.41884024717688,-0.771231225423746,0.380216555531002
1,-1.0583189622129,-0.835471826615076,-0.204843048592897,0.323489491673068,-0.38117851459639,0.0231209342246506,-0.50838131496088,2.85835640627878,0.723283938160567,-1.27224920122547
0,1.08311091900166,1.019703417028,0.433565065427497,0.168626236003818,-0.493452200012511,-0.127644532625117,0.645360925282678,0.277813773213772,-0.85191958646018,-0.64948412081592
1,-2.36371320552333,-1.76269924347146,0.0989824046401102,-0.80102224025788,-0.744048392673123,-0.439970170431396,-0.499712969058146,-1.64694141090947,-0.00516371150705301,0.596473621492474
0,1.63463592942795,0.32806996220442,0.593306266392247,0.691164599443188,0.824889590567591,-0.840699961301649,0.535309374886978,1.50969358156139,0.0229575379936747,-0.375385305691725
0,1.24056029020781,0.91082288415979,0.926980897386278,-0.178315643423977,-1.03019606654568,0.5699124110358,-0.223732929346704,-0.50304687968937,-1.54121695795483,0.274561582954602
0,0.0732558651027185,2.45949854271574,0.817138565971745,-0.965552625169702,1.2012930968521,-0.032491425047523,-1.65193582591131,-0.400223294888481,0.0398599736636501,0.329275472620116
1,-0.326141629510081,-0.427081254666902,1.14914252946411,1.42816055555975,-0.356178627015693,-1.97099899948716,0.877320644552989,0.462541791242243,0.168948794699201,0.95571984124606
1,-1.42483704280348,-2.17922855380093,0.686324142006508,1.56350035114914,-1.6126667145719,0.311428872805813,-0.351520426142032,-0.587497166470807,0.0969491754926794,0.797066441235904
0,0.460697428195676,1.22408625459872,0.166565725542814,-0.613988222555891,1.41835759781846,-0.0882593828197086,1.48582605218749,-0.694316724451659,-0.556332072542855,0.207817784033834
0,0.847573458845489,0.951155468593775,0.152206914839546,-0.223013463883896,-0.758512754220414,0.243704350261723,-2.17129774530226,-1.33297545280476,-0.812232504926446,0.592923874710956
0,0.816935075166657,-0.242791025739927,-0.442063537350273,-1.68086020992732,0.0560385435736552,-1.51302468090748,0.115657596944933,-0.0412685025373958,-2.16633852281771,-0.577164018504163
0,1.05970676145481,1.17483259671795,0.340715748661717,-0.0506841874847245,0.194154727168526,-0.657613697601584,-1.97437946038828,0.240485543512003,1.05815460258125,1.71815359974154
0,0.126391521722401,1.75507223424147,1.08601715766562,-0.635431754992441,0.215098339176154,-0.919389089837682,-0.191028098939113,0.210268898691969,0.441787611444532,1.90008161511716
0,1.28346715449924,1.24955906486483,0.937428005850661,2.49285020246109,-1.3343030909087,1.41674406963607,-0.823768791707386,-0.479060194310237,-0.099347736692604,-0.843578031481676
0,3.29665026559741,-1.63373221831113,0.0672670774843959,-0.197458254168675,-0.0861251566197852,0.724202711399354,-0.164991013381563,0.0682443062845967,-0.0262034073030944,0.769333392684599
0,1.36294462518781,0.757556601178107,1.96360413725069,-2.12456761588127,-0.145215110726913,0.562614263538735,-0.0595716759176482,-0.0325260718764463,1.46400006511969,-0.576056837527148
0,1.37938270678075,0.932893356626913,-2.2572039673647,-0.248183184796231,-1.22216750270194,-0.402985410257424,-0.598537540862005,0.475253267056546,0.734276072763759,0.542286995238034
1,0.789931013179422,1.18457263723527,0.760437026980245,-0.966895031518091,1.32265339825821,0.768641790229089,-0.643456736696356,0.961787840638501,-0.377791136619491,-0.948765216952005
0,0.854105939039974,1.23839205149186,-0.911435261906824,1.02115274365009,0.637923187088797,0.363942575526966,1.55738542394855,-0.598762905018848,0.741926893343006,0.706954768968765
1,-0.217739474749005,-0.00426890750502396,-1.52650376157518,-0.851719633597545,0.131859188699135,1.09096850781688,0.758129847815716,-0.431238995091194,-0.141596431265804,0.248013956573242
0,0.763010705364954,0.73977788896196,0.902393481092824,-0.157394383500676,1.80224608485309,0.71555735260336,0.514936925050676,0.964597311117554,0.341773192657503,0.245635087607475
1,-2.04861526035126,-2.89430832399019,-0.54957781211351,-0.337730845992083,-1.06850575015078,2.13011707128974,0.0482087322553789,-1.32321450275095,0.530530155703306,0.889054124319816
0,2.7487457809837,-0.297646750091421,-0.556514075292531,0.2558517929466,0.433441572066791,-1.49354921025937,1.66128025826445,0.75417919301752,0.207273828869761,-0.224091536315099
0,0.0698686979220897,2.70921581377545,-1.60451731549528,0.83138308308368,0.420440280924548,2.12976137172125,-0.369953623231962,-1.40786960093413,-0.718457860992337,-0.198872652592878
0,1.5364421709939,-0.0695299755941681,0.585028267652111,2.45921346242281,-0.153247997594285,-0.355340755001851,0.667068467174987,0.927113355709244,0.189286298703857,0.549226152660312
1,-0.365200232903105,-0.0979830584880224,0.291382381985352,0.123171250570364,-0.502019615157079,0.87054501690585,0.675905128051295,-1.83277980945398,1.31447329363356,-0.000136632683466218
0,2.100002729548,0.18840377975627,-0.637081261951874,0.576351040782597,-0.253666683187102,0.263015304476001,-0.103371394575891,0.478398279880493,-0.57977941427748,1.90111630924228
0,-0.934935483983488,2.76084466564871,-1.65346921219821,0.144422740310886,-0.431179391831817,0.617738374578966,0.202979836740125,-2.19566416792923,0.501297166526375,1.32660077698515
0,0.95719445889585,1.01001055194141,-1.49199875966613,1.17396852628422,0.913972182976413,2.28442264488692,-1.14474168104245,-0.335367293861863,0.716204805449069,-0.707415721581518
1,-1.0957758953542,-1.60098839692263,0.988623111583314,-1.32284381849074,-0.244406841376263,-0.198801438477321,0.550730274812918,-1.23846052358016,-1.19507534825413,0.418822152706263
1,-2.81628071346574,-2.83620857897028,-1.19828557022183,-0.768631666817079,-2.02654769464178,-2.11465261953352,-1.02781224455891,2.25299352769703,-0.784202700213157,-0.831883445902439
0,1.63308459007061,-0.590780591252663,-1.6447598213202,-1.22841986342055,-0.842570452760848,-0.779475521158074,-0.425077499830041,-0.207920445717749,-1.43921943872157,1.05382092017705
0,2.56774707116034,-2.48752440523555,1.01308610460795,-1.59444635809142,-0.00573226232039495,-2.07275072694026,0.213758738922532,-1.56882947713104,0.134230346538703,-1.52724053071182
0,1.23415472446943,0.934876338376662,-0.301313132253595,1.05794244070791,0.697998178202231,0.253438093812876,-0.341026706611392,-1.53861731574165,0.297130081287435,0.144679679662558
1,-0.411183259056777,0.216836279690662,0.678178990825581,-0.189091365663467,1.73947365147502,-1.34598729008555,1.39092067450908,-0.949554704225837,0.522585860128067,1.02310715861926
1,-1.69740504462332,-0.679388951371218,0.799970741512631,0.55999754348642,-1.20855099559774,-0.567836577261864,1.76636235557801,0.527862710903197,1.33258916717316,-0.457394147279019
0,2.25902192315661,0.972210279707013,-0.493467310375095,1.35220482620914,-0.974249346209884,0.580104779822905,-1.06198768565426,0.322814249491288,-0.815779355390068,-0.100126677922053
0,-0.522448317139711,1.59142844208738,0.106434775869058,-0.167630790577796,0.0894461315473624,0.403044332731673,0.141137431652743,0.670473354033656,0.203237318828953,0.070397969600041
1,-1.77834275384761,-1.64212507614482,-0.1344390263416,1.99557918938698,0.203237618683344,0.0585482111133969,-1.18631716202449,1.78950273061857,-0.355550289830693,0.330564387041178
0,1.02423093822402,0.524183154757508,-0.0560951195877048,0.373550607694242,-1.11429094049181,-0.418717768560972,-2.37124604951747,-0.764115812536577,-0.319639202651887,0.857555337297067
1,-0.04298847781657,-0.941760517793832,-0.264841011049485,0.545686171692389,0.387137939147853,-1.23126238161036,-0.0921577555339722,-1.89890764213034,-0.239742821636843,1.13538183428797
1,-0.958362452268248,-1.22219802596377,-0.249707136685453,-0.24345094467594,-0.131830474073343,1.51393646918818,0.669184474371183,0.84088774402673,-0.498255315869469,1.27412229457722
0,1.10928365429149,1.25092470147816,0.239846434417433,0.00266440403503767,1.26450102475788,0.72038199465254,-1.038585105133,0.207316467633817,-1.47895899305473,-0.557705597024541
0,1.03417713763773,1.58465668559787,0.396775309748106,0.637333936683871,-0.347925496205962,1.64813644124668,-0.520395868601457,-0.408515881311986,0.240319877480641,-1.55741136172396
1,-0.909125864195005,-0.510013404095636,3.00204994176136,0.0534339839457285,0.955426266430902,0.201029423082216,-0.180397613560248,0.483729972943085,1.1975469186449,0.642017069009662
0,1.82926217881452,-0.527286516799863,-0.234422175059451,-0.987223015883875,0.0490701039641104,0.79854586307457,-0.546477823697306,0.806608112773859,-0.459890616030922,0.557116718558999
1,-0.607837668189511,0.307978633305311,-0.159755539278445,-0.114997888960905,0.673263302065595,0.909716979818732,-0.00651248661540248,0.845267796218795,-1.43116417410214,-0.331201431346675
1,-0.684197173396425,-0.226543994565482,-0.535514053594728,-0.835002713894515,1.1881074079572,0.594185494444346,-0.0660643933987478,-1.02916267140219,1.2069411019908,-1.36750104908961
0,2.87485025965281,0.161889998118656,-1.03342734535413,0.546193455363839,-0.239429046105735,-0.855603814288232,-0.534972233142168,-0.199370743170748,-0.362456381681591,-0.843357464571298
1,-1.89092364716964,-0.823890296960541,0.252180663020658,0.72875456186968,1.04008000906304,-0.491819458575435,0.842839428464592,-0.080848464678615,1.27044079137171,1.14100086842334
1,-1.97828386523177,-1.90467074808715,-1.23875580771851,2.09145219348348,-1.24913154506588,1.52372663590548,-1.38661988993842,1.31748378509625,0.960473235510194,-1.48597169389244
0,-1.51255073974032,3.06296627218219,-0.860265310738269,0.482747657739079,-1.64991780934388,0.487490676260187,-1.00343111988398,-0.232277995146972,-0.387343927846192,1.21086312951524
0,-0.683266520930193,2.15929821428724,1.86379295897891,-0.613785968211528,0.642925541439035,0.554739930695867,-0.826254371536301,-0.343829275769617,-1.83623031905653,1.07295348513829
1,-0.461962657282738,-0.815042344919189,-0.980195233498051,1.6356456114755,0.155620635815392,0.401738556583068,0.660437695288412,0.322332331608368,-0.990395232712367,-0.847028813671617
0,3.09556009097523,0.314728805391138,-1.21474704461056,-0.864476420330221,-0.373310711431173,-0.477655685000826,-0.47582499414656,-0.929658429325166,-2.52452309398702,-0.342273105072761
0,2.9564485169236,-0.322312071056684,0.29576856069454,1.03989442106456,-0.200183410039571,1.05823318035384,-0.321951426457958,0.447609643222778,0.227944028218822,-0.450934601369667
1,0.354695448354077,0.386567002917406,0.738103405559513,-0.112499088960486,-2.06171132798944,-1.03774718620552,-0.559047499260581,0.253104165385027,-0.762363885224781,-2.04165433298381
1,-2.3852612101236,-1.07677443256553,-0.630254567737951,0.20704791842395,0.105588715379725,0.658783497292112,1.16902018162204,0.404850474589968,-0.418912597014845,-0.636006444596399
1,-1.09118643315844,-1.3874537147899,0.0806826961218774,-0.322305261003668,-0.325926789187953,-0.468199057423316,-0.755795749957357,0.166981465762752,0.149504410953388,-1.0015285582766
1,-0.484973231287549,0.215185029977424,-0.515513249299273,1.63476821642733,0.125733520341114,-0.332621836738394,0.473449713924955,1.29052140818535,0.651926218403518,2.03433896219134
1,0.170491698732155,0.549786954260043,1.8235151880248,0.707434121580697,-0.0275157883462291,1.35275777249813,0.145016385203202,-0.654618940706878,-1.03973236964714,-0.49906004353491
1,-1.02332747556244,-1.07542534800992,0.206113977712596,1.99011180487351,1.13396082991119,1.03669778122534,-0.244886208821405,0.718439074499713,-2.5713507200111,-0.685540290297143
1,-1.25063303984338,-0.687304528193576,0.472557971350306,-0.73112597068625,-0.129681117463126,1.0965016697491,-1.30684232766089,-0.248695959174611,0.670596189073573,0.344876222373822
